t_inicio,estado_global
2026-01-12T04:59:00-03:00,apagado
2026-01-12T05:00:31-03:00,apagado
2026-01-12T05:00:36-03:00,reposo_operativo
2026-01-12T05:00:41-03:00,reposo_operativo
2026-01-12T05:00:46-03:00,reposo_operativo
2026-01-12T05:00:51-03:00,reposo_operativo
2026-01-12T05:00:56-03:00,reposo_operativo
2026-01-12T05:01:01-03:00,reposo_operativo
2026-01-12T05:01:06-03:00,reposo_operativo
2026-01-12T05:01:14-03:00,reposo_operativo
2026-01-12T05:01:19-03:00,reposo_operativo
2026-01-12T05:01:24-03:00,reposo_operativo
2026-01-12T05:01:29-03:00,reposo_operativo
2026-01-12T05:01:34-03:00,reposo_operativo
2026-01-12T05:01:39-03:00,reposo_operativo
2026-01-12T05:01:44-03:00,reposo_operativo
2026-01-12T05:01:49-03:00,reposo_operativo
2026-01-12T05:01:54-03:00,reposo_operativo
2026-01-12T05:01:59-03:00,reposo_operativo
2026-01-12T05:02:04-03:00,reposo_operativo
2026-01-12T05:02:09-03:00,reposo_operativo
2026-01-12T05:02:14-03:00,reposo_operativo
2026-01-12T05:02:19-03:00,trabajo_efectivo
2026-01-12T05:02:24-03:00,trabajo_efectivo
2026-01-12T05:02:29-03:00,trabajo_efectivo
2026-01-12T05:02:34-03:00,trabajo_efectivo
2026-01-12T05:02:39-03:00,trabajo_efectivo
2026-01-12T05:02:44-03:00,trabajo_efectivo
2026-01-12T05:02:49-03:00,trabajo_efectivo
2026-01-12T05:02:54-03:00,trabajo_efectivo
2026-01-12T05:02:59-03:00,trabajo_efectivo
2026-01-12T05:03:04-03:00,trabajo_efectivo
2026-01-12T05:03:09-03:00,trabajo_efectivo
2026-01-12T05:03:14-03:00,trabajo_efectivo
2026-01-12T05:03:19-03:00,trabajo_efectivo
2026-01-12T05:03:25-03:00,reposo_operativo
2026-01-12T05:03:30-03:00,reposo_operativo
2026-01-12T05:03:35-03:00,reposo_operativo
2026-01-12T05:03:40-03:00,reposo_operativo
2026-01-12T05:03:45-03:00,reposo_operativo
2026-01-12T05:03:50-03:00,reposo_operativo
2026-01-12T05:03:55-03:00,reposo_operativo
2026-01-12T05:04:00-03:00,reposo_operativo
2026-01-12T05:04:05-03:00,reposo_operativo
2026-01-12T05:04:10-03:00,reposo_operativo
2026-01-12T05:04:15-03:00,reposo_operativo
2026-01-12T05:04:20-03:00,reposo_operativo
2026-01-12T05:04:25-03:00,reposo_operativo
2026-01-12T05:04:30-03:00,trabajo_efectivo
2026-01-12T05:04:35-03:00,trabajo_efectivo
2026-01-12T05:04:40-03:00,trabajo_efectivo
2026-01-12T05:04:45-03:00,trabajo_efectivo
2026-01-12T05:04:50-03:00,trabajo_efectivo
2026-01-12T05:04:55-03:00,trabajo_efectivo
2026-01-12T05:05:00-03:00,trabajo_efectivo
2026-01-12T05:05:05-03:00,trabajo_efectivo
2026-01-12T05:05:10-03:00,trabajo_efectivo
2026-01-12T05:05:15-03:00,trabajo_efectivo
2026-01-12T05:05:20-03:00,trabajo_efectivo
2026-01-12T05:05:25-03:00,trabajo_efectivo
2026-01-12T05:05:30-03:00,trabajo_efectivo
2026-01-12T05:05:36-03:00,reposo_operativo
2026-01-12T05:05:41-03:00,reposo_operativo
2026-01-12T05:05:46-03:00,reposo_operativo
2026-01-12T05:05:51-03:00,reposo_operativo
2026-01-12T05:05:56-03:00,reposo_operativo
2026-01-12T05:06:01-03:00,reposo_operativo
2026-01-12T05:06:06-03:00,reposo_operativo
2026-01-12T05:06:11-03:00,reposo_operativo
2026-01-12T05:06:16-03:00,reposo_operativo
2026-01-12T05:06:21-03:00,reposo_operativo
2026-01-12T05:06:26-03:00,reposo_operativo
2026-01-12T05:06:31-03:00,reposo_operativo
2026-01-12T05:06:36-03:00,reposo_operativo
2026-01-12T05:06:44-03:00,reposo_operativo
2026-01-12T05:06:49-03:00,reposo_operativo
2026-01-12T05:06:54-03:00,reposo_operativo
2026-01-12T05:06:59-03:00,reposo_operativo
2026-01-12T05:07:04-03:00,reposo_operativo
2026-01-12T05:07:09-03:00,reposo_operativo
2026-01-12T05:07:14-03:00,reposo_operativo
2026-01-12T05:07:19-03:00,reposo_operativo
2026-01-12T05:07:24-03:00,reposo_operativo
2026-01-12T05:07:29-03:00,reposo_operativo
2026-01-12T05:07:34-03:00,reposo_operativo
2026-01-12T05:07:39-03:00,reposo_operativo
2026-01-12T05:07:44-03:00,reposo_operativo
2026-01-12T05:07:49-03:00,trabajo_efectivo
2026-01-12T05:07:54-03:00,trabajo_efectivo
2026-01-12T05:07:59-03:00,trabajo_efectivo
2026-01-12T05:08:04-03:00,trabajo_efectivo
2026-01-12T05:08:09-03:00,trabajo_efectivo
2026-01-12T05:08:14-03:00,trabajo_efectivo
2026-01-12T05:08:19-03:00,trabajo_efectivo
2026-01-12T05:08:24-03:00,trabajo_efectivo
2026-01-12T05:08:29-03:00,trabajo_efectivo
2026-01-12T05:08:34-03:00,trabajo_efectivo
2026-01-12T05:08:39-03:00,trabajo_efectivo
2026-01-12T05:08:44-03:00,trabajo_efectivo
2026-01-12T05:08:49-03:00,trabajo_efectivo
2026-01-12T05:08:55-03:00,reposo_operativo
2026-01-12T05:09:00-03:00,reposo_operativo
2026-01-12T05:09:05-03:00,reposo_operativo
2026-01-12T05:09:10-03:00,reposo_operativo
2026-01-12T05:09:15-03:00,reposo_operativo
2026-01-12T05:09:20-03:00,reposo_operativo
2026-01-12T05:09:25-03:00,reposo_operativo
2026-01-12T05:09:30-03:00,reposo_operativo
2026-01-12T05:09:35-03:00,reposo_operativo
2026-01-12T05:09:40-03:00,reposo_operativo
2026-01-12T05:09:45-03:00,reposo_operativo
2026-01-12T05:09:50-03:00,reposo_operativo
2026-01-12T05:09:55-03:00,reposo_operativo
2026-01-12T05:10:00-03:00,trabajo_efectivo
2026-01-12T05:10:05-03:00,trabajo_efectivo
2026-01-12T05:10:10-03:00,trabajo_efectivo
2026-01-12T05:10:15-03:00,trabajo_efectivo
2026-01-12T05:10:20-03:00,trabajo_efectivo
2026-01-12T05:10:25-03:00,trabajo_efectivo
2026-01-12T05:10:30-03:00,trabajo_efectivo
2026-01-12T05:10:35-03:00,trabajo_efectivo
2026-01-12T05:10:40-03:00,trabajo_efectivo
2026-01-12T05:10:45-03:00,trabajo_efectivo
2026-01-12T05:10:50-03:00,trabajo_efectivo
2026-01-12T05:10:55-03:00,trabajo_efectivo
2026-01-12T05:11:00-03:00,trabajo_efectivo
2026-01-12T05:11:05-03:00,trabajo_efectivo
2026-01-12T05:11:11-03:00,reposo_operativo
2026-01-12T05:11:16-03:00,reposo_operativo
2026-01-12T05:11:21-03:00,reposo_operativo
2026-01-12T05:11:26-03:00,reposo_operativo
2026-01-12T05:11:31-03:00,reposo_operativo
2026-01-12T05:11:36-03:00,reposo_operativo
2026-01-12T05:11:41-03:00,reposo_operativo
2026-01-12T05:11:46-03:00,reposo_operativo
2026-01-12T05:11:51-03:00,reposo_operativo
2026-01-12T05:11:56-03:00,reposo_operativo
2026-01-12T05:12:01-03:00,reposo_operativo
2026-01-12T05:12:09-03:00,reposo_operativo
2026-01-12T05:12:14-03:00,reposo_operativo
2026-01-12T05:12:19-03:00,reposo_operativo
2026-01-12T05:12:24-03:00,reposo_operativo
2026-01-12T05:12:29-03:00,reposo_operativo
2026-01-12T05:12:34-03:00,reposo_operativo
2026-01-12T05:12:39-03:00,reposo_operativo
2026-01-12T05:12:44-03:00,reposo_operativo
2026-01-12T05:12:49-03:00,reposo_operativo
2026-01-12T05:12:54-03:00,reposo_operativo
2026-01-12T05:12:59-03:00,trabajo_efectivo
2026-01-12T05:13:04-03:00,trabajo_efectivo
2026-01-12T05:13:09-03:00,trabajo_efectivo
2026-01-12T05:13:14-03:00,trabajo_efectivo
2026-01-12T05:13:19-03:00,trabajo_efectivo
2026-01-12T05:13:24-03:00,trabajo_efectivo
2026-01-12T05:13:29-03:00,trabajo_efectivo
2026-01-12T05:13:34-03:00,trabajo_efectivo
2026-01-12T05:13:39-03:00,trabajo_efectivo
2026-01-12T05:13:44-03:00,trabajo_efectivo
2026-01-12T05:13:50-03:00,reposo_operativo
2026-01-12T05:13:55-03:00,reposo_operativo
2026-01-12T05:14:00-03:00,reposo_operativo
2026-01-12T05:14:05-03:00,reposo_operativo
2026-01-12T05:14:10-03:00,reposo_operativo
2026-01-12T05:14:15-03:00,reposo_operativo
2026-01-12T05:14:20-03:00,reposo_operativo
2026-01-12T05:14:25-03:00,reposo_operativo
2026-01-12T05:14:30-03:00,reposo_operativo
2026-01-12T05:14:35-03:00,trabajo_efectivo
2026-01-12T05:14:40-03:00,trabajo_efectivo
2026-01-12T05:14:45-03:00,trabajo_efectivo
2026-01-12T05:14:50-03:00,trabajo_efectivo
2026-01-12T05:14:55-03:00,trabajo_efectivo
2026-01-12T05:15:00-03:00,trabajo_efectivo
2026-01-12T05:15:05-03:00,trabajo_efectivo
2026-01-12T05:15:10-03:00,trabajo_efectivo
2026-01-12T05:15:15-03:00,trabajo_efectivo
2026-01-12T05:15:20-03:00,trabajo_efectivo
2026-01-12T05:15:26-03:00,reposo_operativo
2026-01-12T05:15:31-03:00,reposo_operativo
2026-01-12T05:15:36-03:00,reposo_operativo
2026-01-12T05:15:41-03:00,reposo_operativo
