Fecha Inicio,Fecha Fin,Fecha Inicio Ajustada
2026-01-09 17:16:20,2026-01-09 17:16:33,2026-01-09 17:16:20
2026-01-09 17:18:27,2026-01-09 17:18:39,2026-01-09 17:18:27
2026-01-09 17:26:39,2026-01-09 17:26:52,2026-01-09 17:26:37
2026-01-09 17:27:42,2026-01-09 17:27:55,2026-01-09 17:27:42
2026-01-09 17:37:11,2026-01-09 17:37:23,2026-01-09 17:37:11
2026-01-09 17:40:33,2026-01-09 17:40:45,2026-01-09 17:40:33
2026-01-09 17:52:58,2026-01-09 17:53:36,2026-01-09 17:52:58
2026-01-09 17:55:17,2026-01-09 17:55:29,2026-01-09 17:55:17
2026-01-09 18:03:29,2026-01-09 18:04:20,2026-01-09 18:03:29
2026-01-09 18:11:29,2026-01-09 18:11:42,2026-01-09 18:11:29
2026-01-09 18:12:58,2026-01-09 18:14:01,2026-01-09 18:12:58
2026-01-09 19:07:16,2026-01-09 19:07:41,2026-01-09 19:07:16
2026-01-09 19:08:57,2026-01-09 19:09:35,2026-01-09 19:08:57
2026-01-09 19:10:13,2026-01-09 19:10:38,2026-01-09 19:10:13
2026-01-09 19:11:54,2026-01-09 19:12:07,2026-01-09 19:11:54
2026-01-09 19:44:06,2026-01-09 19:44:19,2026-01-09 19:44:06
2026-01-09 19:46:51,2026-01-09 19:47:03,2026-01-09 19:46:51
2026-01-09 19:54:25,2026-01-09 19:54:38,2026-01-09 19:54:25
2026-01-09 19:55:41,2026-01-09 19:55:54,2026-01-09 19:55:41
2026-01-09 20:07:03,2026-01-09 20:07:16,2026-01-09 20:07:03
2026-01-09 20:10:13,2026-01-09 20:10:25,2026-01-09 20:10:13
2026-01-09 20:11:54,2026-01-09 20:12:06,2026-01-09 20:11:54
2026-01-09 20:14:50,2026-01-09 20:15:03,2026-01-09 20:14:50
2026-01-09 20:15:41,2026-01-09 20:15:53,2026-01-09 20:15:41
2026-01-09 20:17:09,2026-01-09 20:17:22,2026-01-09 20:17:09
2026-01-09 20:32:19,2026-01-09 20:32:31,2026-01-09 20:32:19
2026-01-09 20:33:34,2026-01-09 20:35:03,2026-01-09 20:33:34
2026-01-09 20:43:28,2026-01-09 20:43:41,2026-01-09 20:43:28
2026-01-09 20:49:22,2026-01-09 20:50:25,2026-01-09 20:49:22
2026-01-09 20:51:15,2026-01-09 20:51:28,2026-01-09 20:51:15
2026-01-09 20:55:40,2026-01-09 20:55:53,2026-01-09 20:55:40
2026-01-09 20:57:09,2026-01-09 20:57:22,2026-01-09 20:57:09
2026-01-09 20:58:25,2026-01-09 20:58:50,2026-01-09 20:58:25
2026-01-09 20:59:28,2026-01-09 21:00:18,2026-01-09 20:59:28
2026-01-09 21:06:37,2026-01-09 21:06:50,2026-01-09 21:06:37
2026-01-09 21:07:28,2026-01-09 21:07:40,2026-01-09 21:07:28
2026-01-09 21:44:43,2026-01-09 21:44:56,2026-01-09 21:44:43
2026-01-09 21:49:47,2026-01-09 21:49:59,2026-01-09 21:49:47
2026-01-09 21:52:44,2026-01-09 21:52:56,2026-01-09 21:52:44
2026-01-09 21:55:03,2026-01-09 21:55:15,2026-01-09 21:55:03
2026-01-09 23:07:42,2026-01-09 23:07:54,2026-01-09 23:07:42
2026-01-09 23:09:48,2026-01-09 23:10:01,2026-01-09 23:09:48
2026-01-09 23:15:54,2026-01-09 23:16:07,2026-01-09 23:15:54
2026-01-09 23:17:36,2026-01-09 23:18:13,2026-01-09 23:17:36
2026-01-09 23:19:04,2026-01-09 23:19:17,2026-01-09 23:19:04
2026-01-09 23:30:26,2026-01-09 23:30:39,2026-01-09 23:30:26
2026-01-09 23:31:55,2026-01-09 23:32:20,2026-01-09 23:31:55
2026-01-09 23:36:58,2026-01-09 23:37:10,2026-01-09 23:36:58
2026-01-09 23:39:42,2026-01-09 23:40:07,2026-01-09 23:39:42
2026-01-09 23:41:23,2026-01-09 23:41:36,2026-01-09 23:41:23
2026-01-09 23:42:39,2026-01-09 23:42:52,2026-01-09 23:42:39
2026-01-09 23:44:45,2026-01-09 23:44:58,2026-01-09 23:44:45
2026-01-09 23:47:04,2026-01-09 23:47:17,2026-01-09 23:47:04
2026-01-09 23:47:55,2026-01-09 23:48:08,2026-01-09 23:47:55
2026-01-09 23:48:58,2026-01-09 23:49:11,2026-01-09 23:48:58
2026-01-09 23:50:01,2026-01-09 23:50:14,2026-01-09 23:50:01
2026-01-09 23:58:01,2026-01-09 23:58:39,2026-01-09 23:58:01
2026-01-10 00:00:58,2026-01-10 00:01:11,2026-01-10 00:00:58
2026-01-10 00:03:55,2026-01-10 00:04:08,2026-01-10 00:03:55
2026-01-12 05:22:52,2026-01-12 05:23:05,2026-01-12 05:22:52
2026-01-12 05:38:45,2026-01-12 05:38:57,2026-01-12 05:38:42
2026-01-12 05:40:59,2026-01-12 05:41:04,2026-01-12 05:40:59
2026-01-12 06:38:57,2026-01-12 06:39:05,2026-01-12 06:38:57
2026-01-12 06:42:02,2026-01-12 06:42:07,2026-01-12 06:42:02
2026-01-12 06:44:59,2026-01-12 06:45:04,2026-01-12 06:44:59
2026-01-12 06:46:20,2026-01-12 06:46:32,2026-01-12 06:46:20
2026-01-12 06:48:01,2026-01-12 06:48:08,2026-01-12 06:48:01
2026-01-12 06:48:59,2026-01-12 06:49:11,2026-01-12 06:48:59
2026-01-12 06:53:29,2026-01-12 06:53:42,2026-01-12 06:53:29
2026-01-12 06:54:20,2026-01-12 06:54:27,2026-01-12 06:54:17
2026-01-12 06:55:18,2026-01-12 06:55:23,2026-01-12 06:55:18
2026-01-12 06:57:37,2026-01-12 06:57:42,2026-01-12 06:57:34
2026-01-12 06:58:15,2026-01-12 06:58:20,2026-01-12 06:58:15
2026-01-12 07:00:01,2026-01-12 07:00:51,2026-01-12 07:00:01
2026-01-12 07:33:55,2026-01-12 07:34:07,2026-01-12 07:33:55
2026-01-12 07:34:58,2026-01-12 07:35:05,2026-01-12 07:34:58
2026-01-12 07:41:12,2026-01-12 07:41:29,2026-01-12 07:41:12
2026-01-12 07:42:07,2026-01-12 07:42:20,2026-01-12 07:42:07
2026-01-12 07:45:42,2026-01-12 07:45:50,2026-01-12 07:45:37
2026-01-12 07:46:07,2026-01-12 07:46:20,2026-01-12 07:46:07
2026-01-12 07:48:39,2026-01-12 07:49:17,2026-01-12 07:48:39
2026-01-12 08:11:18,2026-01-12 08:11:31,2026-01-12 08:11:18
2026-01-12 08:14:02,2026-01-12 08:14:15,2026-01-12 08:14:02
2026-01-12 08:15:06,2026-01-12 08:15:18,2026-01-12 08:15:06
2026-01-12 08:19:18,2026-01-12 08:20:09,2026-01-12 08:19:18
2026-01-12 08:23:56,2026-01-12 08:24:09,2026-01-12 08:23:56
2026-01-12 08:25:25,2026-01-12 08:25:37,2026-01-12 08:25:25
2026-01-12 08:29:00,2026-01-12 08:29:25,2026-01-12 08:29:00
2026-01-12 08:30:16,2026-01-12 08:30:41,2026-01-12 08:30:16
2026-01-12 08:41:00,2026-01-12 08:41:13,2026-01-12 08:41:00
2026-01-12 08:44:48,2026-01-12 08:45:00,2026-01-12 08:44:48
2026-01-12 08:46:29,2026-01-12 08:47:06,2026-01-12 08:46:29
2026-01-12 09:36:36,2026-01-12 09:36:48,2026-01-12 09:36:36
2026-01-12 09:39:33,2026-01-12 09:39:45,2026-01-12 09:39:33
2026-01-12 09:42:17,2026-01-12 09:42:29,2026-01-12 09:42:17
2026-01-12 09:52:11,2026-01-12 09:52:23,2026-01-12 09:52:11
2026-01-12 09:55:45,2026-01-12 09:55:58,2026-01-12 09:55:45
2026-01-12 09:56:49,2026-01-12 09:57:01,2026-01-12 09:56:49
2026-01-12 09:58:55,2026-01-12 09:59:08,2026-01-12 09:58:55
2026-01-12 10:00:36,2026-01-12 10:00:49,2026-01-12 10:00:36
2026-01-12 10:02:17,2026-01-12 10:02:30,2026-01-12 10:02:17
2026-01-12 10:05:01,2026-01-12 10:05:39,2026-01-12 10:05:01
2026-01-12 10:53:15,2026-01-12 10:53:28,2026-01-12 10:53:15
2026-01-12 10:54:19,2026-01-12 10:54:31,2026-01-12 10:54:19
2026-01-12 10:55:34,2026-01-12 10:55:47,2026-01-12 10:55:34
2026-01-12 10:56:25,2026-01-12 10:57:28,2026-01-12 10:56:25
2026-01-12 10:58:06,2026-01-12 10:58:31,2026-01-12 10:58:06
2026-01-12 10:59:34,2026-01-12 10:59:47,2026-01-12 10:59:34
2026-01-12 11:01:28,2026-01-12 11:01:41,2026-01-12 11:01:28
2026-01-12 11:04:00,2026-01-12 11:04:12,2026-01-12 11:04:00
2026-01-12 11:05:41,2026-01-12 11:05:54,2026-01-12 11:05:41
2026-01-12 11:06:44,2026-01-12 11:06:57,2026-01-12 11:06:44
2026-01-12 11:10:06,2026-01-12 11:12:00,2026-01-12 11:10:06
2026-01-12 11:14:57,2026-01-12 11:15:09,2026-01-12 11:14:57
2026-01-12 11:16:50,2026-01-12 11:17:54,2026-01-12 11:16:50
2026-01-12 11:24:38,2026-01-12 11:24:51,2026-01-12 11:24:38
2026-01-12 11:26:44,2026-01-12 11:27:10,2026-01-12 11:26:44
2026-01-12 11:29:16,2026-01-12 11:29:29,2026-01-12 11:29:16
2026-01-12 11:30:44,2026-01-12 11:31:10,2026-01-12 11:30:44
2026-01-12 11:32:25,2026-01-12 11:32:38,2026-01-12 11:32:25
2026-01-12 11:34:06,2026-01-12 11:34:19,2026-01-12 11:34:06
2026-01-12 11:37:28,2026-01-12 11:37:41,2026-01-12 11:37:28
2026-01-12 11:44:51,2026-01-12 11:45:28,2026-01-12 11:44:51
2026-01-12 11:47:10,2026-01-12 11:47:22,2026-01-12 11:47:10
2026-01-12 11:48:51,2026-01-12 11:49:03,2026-01-12 11:48:51
2026-01-12 11:53:03,2026-01-12 11:53:16,2026-01-12 11:53:03
2026-01-12 11:54:06,2026-01-12 11:54:44,2026-01-12 11:54:06
2026-01-12 12:38:12,2026-01-12 12:38:37,2026-01-12 12:38:12
2026-01-12 12:42:25,2026-01-12 12:42:50,2026-01-12 12:42:25
2026-01-12 12:43:40,2026-01-12 12:44:31,2026-01-12 12:43:40
2026-01-12 12:45:47,2026-01-12 12:45:59,2026-01-12 12:45:47
2026-01-12 12:47:03,2026-01-12 12:47:15,2026-01-12 12:47:03
2026-01-12 12:48:44,2026-01-12 12:48:56,2026-01-12 12:48:44
2026-01-12 12:49:59,2026-01-12 12:50:12,2026-01-12 12:49:59
2026-01-12 12:52:18,2026-01-12 12:52:56,2026-01-12 12:52:18
2026-01-12 12:53:59,2026-01-12 12:54:37,2026-01-12 12:53:59
2026-01-12 12:55:15,2026-01-12 12:55:41,2026-01-12 12:55:15
2026-01-12 13:04:56,2026-01-12 13:05:34,2026-01-12 13:04:56
2026-01-12 13:07:28,2026-01-12 13:07:41,2026-01-12 13:07:28
2026-01-12 13:09:09,2026-01-12 13:09:22,2026-01-12 13:09:09
2026-01-12 13:12:06,2026-01-12 13:12:31,2026-01-12 13:12:06
2026-01-12 13:14:00,2026-01-12 13:14:38,2026-01-12 13:14:00
2026-01-12 13:16:06,2026-01-12 13:16:19,2026-01-12 13:16:06
2026-01-12 13:17:34,2026-01-12 13:17:47,2026-01-12 13:17:34
2026-01-12 13:19:15,2026-01-12 13:19:28,2026-01-12 13:19:15
2026-01-12 13:20:57,2026-01-12 13:21:09,2026-01-12 13:20:57
2026-01-12 13:24:44,2026-01-12 13:25:09,2026-01-12 13:24:44
2026-01-12 13:26:50,2026-01-12 13:27:41,2026-01-12 13:26:50
2026-01-12 13:30:00,2026-01-12 13:30:25,2026-01-12 13:30:00
2026-01-12 13:33:22,2026-01-12 13:34:00,2026-01-12 13:33:22
2026-01-12 13:34:37,2026-01-12 13:35:15,2026-01-12 13:34:37
2026-01-12 13:36:06,2026-01-12 13:36:31,2026-01-12 13:36:06
2026-01-12 13:37:34,2026-01-12 13:38:37,2026-01-12 13:37:34
2026-01-12 13:44:43,2026-01-12 13:44:56,2026-01-12 13:44:43
2026-01-12 13:47:02,2026-01-12 13:47:15,2026-01-12 13:47:02
2026-01-12 13:48:05,2026-01-12 13:48:18,2026-01-12 13:48:05
2026-01-12 13:49:21,2026-01-12 13:49:34,2026-01-12 13:49:21
2026-01-12 13:51:53,2026-01-12 13:52:06,2026-01-12 13:51:53
2026-01-12 13:54:37,2026-01-12 13:54:50,2026-01-12 13:54:37
2026-01-12 14:27:40,2026-01-12 14:27:53,2026-01-12 14:27:40
2026-01-12 14:29:21,2026-01-12 14:29:34,2026-01-12 14:29:16
2026-01-12 14:39:02,2026-01-12 14:39:40,2026-01-12 14:39:02
2026-01-12 14:52:17,2026-01-12 14:52:30,2026-01-12 14:52:17
2026-01-13 05:21:44,2026-01-13 05:22:22,2026-01-13 05:21:44
2026-01-13 05:23:38,2026-01-13 05:23:51,2026-01-13 05:23:38
2026-01-13 05:27:00,2026-01-13 05:27:13,2026-01-13 05:27:00
2026-01-13 05:30:22,2026-01-13 05:32:54,2026-01-13 05:30:22
2026-01-13 05:34:22,2026-01-13 05:37:32,2026-01-13 05:34:22
2026-01-13 05:39:00,2026-01-13 05:41:19,2026-01-13 05:39:00
2026-01-13 05:56:54,2026-01-13 05:57:06,2026-01-13 05:56:54
2026-01-13 06:17:06,2026-01-13 06:17:32,2026-01-13 06:17:06
2026-01-13 06:21:47,2026-01-13 06:22:00,2026-01-13 06:21:47
2026-01-13 06:23:53,2026-01-13 06:24:31,2026-01-13 06:23:53
2026-01-13 06:26:12,2026-01-13 06:26:25,2026-01-13 06:26:12
2026-01-13 06:31:03,2026-01-13 06:31:15,2026-01-13 06:31:03
2026-01-13 06:33:34,2026-01-13 06:33:47,2026-01-13 06:33:34
2026-01-13 06:36:06,2026-01-13 06:36:44,2026-01-13 06:36:06
2026-01-13 06:40:44,2026-01-13 06:44:56,2026-01-13 06:40:44
2026-01-13 07:28:56,2026-01-13 07:29:34,2026-01-13 07:28:56
2026-01-13 07:31:02,2026-01-13 07:31:28,2026-01-13 07:31:02
2026-01-13 07:34:37,2026-01-13 07:34:50,2026-01-13 07:34:37
2026-01-13 07:36:05,2026-01-13 07:36:31,2026-01-13 07:36:05
2026-01-13 07:40:56,2026-01-13 07:41:46,2026-01-13 07:40:56
2026-01-13 07:44:44,2026-01-13 07:44:57,2026-01-13 07:44:44
2026-01-13 07:45:35,2026-01-13 07:46:00,2026-01-13 07:45:35
2026-01-13 07:47:54,2026-01-13 07:49:35,2026-01-13 07:47:54
2026-01-13 07:51:16,2026-01-13 07:51:41,2026-01-13 07:51:16
2026-01-13 07:52:32,2026-01-13 07:52:57,2026-01-13 07:52:32
2026-01-13 07:57:10,2026-01-13 07:57:22,2026-01-13 07:57:10
2026-01-13 07:58:00,2026-01-13 07:58:13,2026-01-13 07:58:00
2026-01-13 07:59:03,2026-01-13 07:59:54,2026-01-13 07:59:03
2026-01-13 08:47:16,2026-01-13 08:47:29,2026-01-13 08:47:16
2026-01-13 08:48:32,2026-01-13 08:48:45,2026-01-13 08:48:32
2026-01-13 08:49:35,2026-01-13 08:49:48,2026-01-13 08:49:35
2026-01-13 08:50:51,2026-01-13 08:51:04,2026-01-13 08:50:51
2026-01-13 08:54:13,2026-01-13 08:54:51,2026-01-13 08:54:13
2026-01-13 08:57:35,2026-01-13 08:57:48,2026-01-13 08:57:35
2026-01-13 09:14:51,2026-01-13 09:15:04,2026-01-13 09:14:51
2026-01-13 09:16:45,2026-01-13 09:16:57,2026-01-13 09:16:45
2026-01-13 09:19:04,2026-01-13 09:19:16,2026-01-13 09:19:04
2026-01-13 09:20:32,2026-01-13 09:21:10,2026-01-13 09:20:32
2026-01-13 09:22:13,2026-01-13 09:22:26,2026-01-13 09:22:13
2026-01-13 09:24:07,2026-01-13 09:24:20,2026-01-13 09:24:07
2026-01-13 09:28:58,2026-01-13 09:29:48,2026-01-13 09:28:58
2026-01-13 09:30:51,2026-01-13 09:31:17,2026-01-13 09:30:51
2026-01-13 09:32:58,2026-01-13 09:33:36,2026-01-13 09:32:53
2026-01-13 09:34:52,2026-01-13 09:35:55,2026-01-13 09:34:52
2026-01-13 09:37:10,2026-01-13 09:38:52,2026-01-13 09:37:10
2026-01-13 10:40:33,2026-01-13 10:41:00,2026-01-13 10:40:33
2026-01-13 10:46:16,2026-01-13 10:47:07,2026-01-13 10:46:16
2026-01-13 10:49:13,2026-01-13 10:50:16,2026-01-13 10:49:13
2026-01-13 10:51:57,2026-01-13 10:52:10,2026-01-13 10:51:55
2026-01-13 11:02:04,2026-01-13 11:02:16,2026-01-13 11:02:04
2026-01-13 11:22:42,2026-01-13 11:22:54,2026-01-13 11:22:42
2026-01-13 11:24:23,2026-01-13 11:24:35,2026-01-13 11:24:23
2026-01-13 11:28:10,2026-01-13 11:28:23,2026-01-13 11:28:10
2026-01-13 11:31:32,2026-01-13 11:31:45,2026-01-13 11:31:32
2026-01-13 11:38:03,2026-01-13 11:38:16,2026-01-13 11:38:03
2026-01-13 11:40:47,2026-01-13 11:41:38,2026-01-13 11:40:47
2026-01-13 11:43:06,2026-01-13 11:43:19,2026-01-13 11:43:06
2026-01-13 11:45:00,2026-01-13 11:45:13,2026-01-13 11:45:00
2026-01-13 12:58:12,2026-01-13 12:58:25,2026-01-13 12:58:12
2026-01-13 12:59:28,2026-01-13 12:59:40,2026-01-13 12:59:28
2026-01-13 13:10:50,2026-01-13 13:11:53,2026-01-13 13:10:50
2026-01-13 13:13:34,2026-01-13 13:13:59,2026-01-13 13:13:34
2026-01-13 13:17:09,2026-01-13 13:17:21,2026-01-13 13:17:09
2026-01-13 13:32:31,2026-01-13 13:32:56,2026-01-13 13:32:31
2026-01-13 13:35:02,2026-01-13 13:35:15,2026-01-13 13:35:02
2026-01-13 13:37:59,2026-01-13 13:39:02,2026-01-13 13:37:59
2026-01-13 13:42:49,2026-01-13 13:43:02,2026-01-13 13:42:49
2026-01-13 13:43:52,2026-01-13 13:44:43,2026-01-13 13:43:52
2026-01-13 14:08:18,2026-01-13 14:10:49,2026-01-13 14:08:18
2026-01-14 05:11:32,2026-01-14 05:11:44,2026-01-14 05:11:32
2026-01-14 05:15:19,2026-01-14 05:15:32,2026-01-14 05:15:19
2026-01-14 05:16:10,2026-01-14 05:17:13,2026-01-14 05:16:10
2026-01-14 05:26:03,2026-01-14 05:26:41,2026-01-14 05:26:03
2026-01-14 05:40:23,2026-01-14 05:40:35,2026-01-14 05:40:23
2026-01-14 05:42:16,2026-01-14 05:43:20,2026-01-14 05:42:16
2026-01-14 05:47:32,2026-01-14 05:48:10,2026-01-14 05:47:32
2026-01-14 05:59:20,2026-01-14 05:59:33,2026-01-14 05:59:20
2026-01-14 06:01:39,2026-01-14 06:02:30,2026-01-14 06:01:39
2026-01-14 06:05:01,2026-01-14 06:05:26,2026-01-14 06:05:01
2026-01-14 06:11:08,2026-01-14 06:12:23,2026-01-14 06:11:08
2026-01-14 06:13:27,2026-01-14 06:14:17,2026-01-14 06:13:27
2026-01-14 06:16:24,2026-01-14 06:17:02,2026-01-14 06:16:24
2026-01-14 06:39:08,2026-01-14 06:41:15,2026-01-14 06:39:08
2026-01-14 07:00:37,2026-01-14 07:00:50,2026-01-14 07:00:37
2026-01-14 07:44:00,2026-01-14 07:44:12,2026-01-14 07:44:00
2026-01-14 07:52:13,2026-01-14 07:52:25,2026-01-14 07:52:13
2026-01-14 07:58:32,2026-01-14 07:58:44,2026-01-14 07:58:29
2026-01-14 07:59:22,2026-01-14 08:00:25,2026-01-14 07:59:20
2026-01-14 08:11:10,2026-01-14 08:11:23,2026-01-14 08:11:10
2026-01-14 08:29:42,2026-01-14 08:29:55,2026-01-14 08:29:42
2026-01-14 09:38:35,2026-01-14 09:39:00,2026-01-14 09:38:35
2026-01-14 09:40:54,2026-01-14 09:41:32,2026-01-14 09:40:54
2026-01-14 09:42:35,2026-01-14 09:43:13,2026-01-14 09:42:35
2026-01-14 09:44:16,2026-01-14 09:44:28,2026-01-14 09:44:16
2026-01-14 09:46:22,2026-01-14 09:47:00,2026-01-14 09:46:22
2026-01-14 09:49:45,2026-01-14 09:49:57,2026-01-14 09:49:45
2026-01-14 09:55:26,2026-01-14 09:56:54,2026-01-14 09:55:26
2026-01-14 10:02:48,2026-01-14 10:03:01,2026-01-14 10:02:48
2026-01-14 10:04:04,2026-01-14 10:04:29,2026-01-14 10:04:04
2026-01-14 10:05:07,2026-01-14 10:06:23,2026-01-14 10:05:07
2026-01-14 11:09:09,2026-01-14 11:09:21,2026-01-14 11:09:09
2026-01-14 11:14:50,2026-01-14 11:15:28,2026-01-14 11:14:50
2026-01-14 11:17:34,2026-01-14 11:17:46,2026-01-14 11:17:34
2026-01-14 11:19:40,2026-01-14 11:19:53,2026-01-14 11:19:40
2026-01-14 11:21:09,2026-01-14 11:22:37,2026-01-14 11:21:09
2026-01-14 11:24:18,2026-01-14 11:24:31,2026-01-14 11:24:18
2026-01-14 11:26:24,2026-01-14 11:26:37,2026-01-14 11:26:24
2026-01-14 11:33:47,2026-01-14 11:34:12,2026-01-14 11:33:47
2026-01-14 11:34:50,2026-01-14 11:35:15,2026-01-14 11:34:50
2026-01-14 11:41:59,2026-01-14 11:42:12,2026-01-14 11:41:59
2026-01-14 11:43:28,2026-01-14 11:43:40,2026-01-14 11:43:28
2026-01-14 11:44:44,2026-01-14 11:45:09,2026-01-14 11:44:44
2026-01-14 11:55:03,2026-01-14 11:56:19,2026-01-14 11:55:03
2026-01-14 12:38:01,2026-01-14 12:39:04,2026-01-14 12:38:01
2026-01-14 12:45:10,2026-01-14 12:46:14,2026-01-14 12:45:10
2026-01-14 12:47:17,2026-01-14 12:48:33,2026-01-14 12:47:17
2026-01-14 13:03:17,2026-01-14 13:04:33,2026-01-14 13:03:17
2026-01-14 13:06:01,2026-01-14 13:07:17,2026-01-14 13:06:01
2026-01-14 13:09:36,2026-01-14 13:10:14,2026-01-14 13:09:36
2026-01-14 13:11:17,2026-01-14 13:11:55,2026-01-14 13:11:17
2026-01-14 13:14:02,2026-01-14 13:15:43,2026-01-14 13:14:02
2026-01-14 13:17:49,2026-01-14 13:19:17,2026-01-14 13:17:49
2026-01-14 13:31:18,2026-01-14 13:32:21,2026-01-14 13:31:18
2026-01-14 13:32:59,2026-01-14 13:33:11,2026-01-14 13:32:59
2026-01-15 05:07:32,2026-01-15 05:07:45,2026-01-15 05:07:32
2026-01-15 05:31:20,2026-01-15 05:31:33,2026-01-15 05:31:20
2026-01-15 05:32:48,2026-01-15 05:33:01,2026-01-15 05:32:48
2026-01-15 05:39:33,2026-01-15 05:40:48,2026-01-15 05:39:33
2026-01-15 05:43:58,2026-01-15 05:44:23,2026-01-15 05:43:58
2026-01-15 05:46:17,2026-01-15 05:46:42,2026-01-15 05:46:17
2026-01-15 05:50:04,2026-01-15 05:50:17,2026-01-15 05:50:04
2026-01-15 05:52:36,2026-01-15 05:53:14,2026-01-15 05:52:36
2026-01-15 06:03:33,2026-01-15 06:03:45,2026-01-15 06:03:33
2026-01-15 06:09:01,2026-01-15 06:09:14,2026-01-15 06:09:01
2026-01-15 06:17:14,2026-01-15 06:17:39,2026-01-15 06:17:14
2026-01-15 06:19:33,2026-01-15 06:19:58,2026-01-15 06:19:33
2026-01-15 06:25:01,2026-01-15 06:25:26,2026-01-15 06:25:01
2026-01-15 06:26:04,2026-01-15 06:26:17,2026-01-15 06:26:04
2026-01-15 06:30:17,2026-01-15 06:30:42,2026-01-15 06:30:17
2026-01-15 06:32:23,2026-01-15 06:33:14,2026-01-15 06:32:23
2026-01-15 06:34:42,2026-01-15 06:34:55,2026-01-15 06:34:42
2026-01-15 06:47:20,2026-01-15 06:47:33,2026-01-15 06:47:20
2026-01-15 06:49:26,2026-01-15 06:49:52,2026-01-15 06:49:26
2026-01-15 06:57:14,2026-01-15 06:57:39,2026-01-15 06:57:14
2026-01-15 06:59:07,2026-01-15 06:59:20,2026-01-15 06:59:07
2026-01-15 07:03:20,2026-01-15 07:03:45,2026-01-15 07:03:20
2026-01-15 07:05:01,2026-01-15 07:05:26,2026-01-15 07:05:01
2026-01-15 07:08:48,2026-01-15 07:09:14,2026-01-15 07:08:48
2026-01-15 07:10:30,2026-01-15 07:10:55,2026-01-15 07:10:30
2026-01-15 07:16:11,2026-01-15 07:16:36,2026-01-15 07:16:11
2026-01-15 07:17:39,2026-01-15 07:18:04,2026-01-15 07:17:39
2026-01-15 07:21:39,2026-01-15 07:22:04,2026-01-15 07:21:39
2026-01-15 07:23:08,2026-01-15 07:23:20,2026-01-15 07:23:08
2026-01-15 07:46:05,2026-01-15 07:46:18,2026-01-15 07:46:05
2026-01-15 07:46:56,2026-01-15 07:47:46,2026-01-15 07:46:56
2026-01-15 07:51:47,2026-01-15 07:51:59,2026-01-15 07:51:47
2026-01-15 07:57:28,2026-01-15 07:57:53,2026-01-15 07:57:23
2026-01-15 08:02:06,2026-01-15 08:02:18,2026-01-15 08:02:06
2026-01-15 09:03:22,2026-01-15 09:04:00,2026-01-15 09:03:22
2026-01-15 09:05:53,2026-01-15 09:06:19,2026-01-15 09:05:53
2026-01-15 09:07:34,2026-01-15 09:07:47,2026-01-15 09:07:34
2026-01-15 09:09:28,2026-01-15 09:09:41,2026-01-15 09:09:28
2026-01-15 09:12:37,2026-01-15 09:12:50,2026-01-15 09:12:37
2026-01-15 09:19:34,2026-01-15 09:20:00,2026-01-15 09:19:34
2026-01-15 09:21:28,2026-01-15 09:21:53,2026-01-15 09:21:28
2026-01-15 09:34:19,2026-01-15 09:34:44,2026-01-15 09:34:19
2026-01-15 09:38:31,2026-01-15 09:39:09,2026-01-15 09:38:31
2026-01-15 09:41:15,2026-01-15 09:41:53,2026-01-15 09:41:15
2026-01-15 09:57:28,2026-01-15 09:57:53,2026-01-15 09:57:28
2026-01-15 09:59:22,2026-01-15 10:00:00,2026-01-15 09:59:22
2026-01-15 10:22:06,2026-01-15 10:22:19,2026-01-15 10:22:06
2026-01-15 10:22:56,2026-01-15 10:24:37,2026-01-15 10:22:56
2026-01-15 10:26:19,2026-01-15 10:27:22,2026-01-15 10:26:19
2026-01-15 10:29:03,2026-01-15 10:29:15,2026-01-15 10:29:03
2026-01-15 10:34:44,2026-01-15 10:35:22,2026-01-15 10:34:44
2026-01-15 10:36:25,2026-01-15 10:36:50,2026-01-15 10:36:25
2026-01-15 10:39:09,2026-01-15 10:39:22,2026-01-15 10:39:09
2026-01-15 10:41:40,2026-01-15 10:41:53,2026-01-15 10:41:40
2026-01-15 10:45:28,2026-01-15 10:46:06,2026-01-15 10:45:28
2026-01-15 10:47:09,2026-01-15 10:47:34,2026-01-15 10:47:09
2026-01-15 10:48:12,2026-01-15 10:48:37,2026-01-15 10:48:12
2026-01-15 10:53:02,2026-01-15 10:53:40,2026-01-15 10:53:02
2026-01-15 10:55:21,2026-01-15 10:55:59,2026-01-15 10:55:21
2026-01-15 10:56:37,2026-01-15 10:57:02,2026-01-15 10:56:37
2026-01-15 11:00:12,2026-01-15 11:00:37,2026-01-15 11:00:12
2026-01-15 11:02:06,2026-01-15 11:02:18,2026-01-15 11:02:06
2026-01-15 11:02:56,2026-01-15 11:03:09,2026-01-15 11:02:56
2026-01-15 11:37:03,2026-01-15 11:37:28,2026-01-15 11:37:03
2026-01-15 11:40:50,2026-01-15 11:41:03,2026-01-15 11:40:50
2026-01-15 11:50:19,2026-01-15 11:50:31,2026-01-15 11:50:19
2026-01-15 11:54:44,2026-01-15 11:54:57,2026-01-15 11:54:44
2026-01-15 11:55:35,2026-01-15 11:56:12,2026-01-15 11:55:35
2026-01-15 11:57:53,2026-01-15 11:58:19,2026-01-15 11:57:53
2026-01-15 12:47:25,2026-01-15 12:47:50,2026-01-15 12:47:25
2026-01-15 12:48:53,2026-01-15 12:49:31,2026-01-15 12:48:53
2026-01-15 12:52:28,2026-01-15 12:52:41,2026-01-15 12:52:28
2026-01-15 12:54:09,2026-01-15 12:55:25,2026-01-15 12:54:09
2026-01-15 13:03:25,2026-01-15 13:03:50,2026-01-15 13:03:25
2026-01-15 13:05:06,2026-01-15 13:05:31,2026-01-15 13:05:06
2026-01-15 13:09:44,2026-01-15 13:10:22,2026-01-15 13:09:44
2026-01-15 13:13:19,2026-01-15 13:13:44,2026-01-15 13:13:19
2026-01-15 13:35:13,2026-01-15 13:35:25,2026-01-15 13:35:13
2026-01-15 13:36:03,2026-01-15 13:36:28,2026-01-15 13:36:03
2026-01-15 13:38:09,2026-01-15 13:38:35,2026-01-15 13:38:09
2026-01-15 13:43:00,2026-01-15 13:44:41,2026-01-15 13:43:00
2026-01-15 13:52:03,2026-01-15 13:53:19,2026-01-15 13:52:03
2026-01-15 13:55:25,2026-01-15 13:55:38,2026-01-15 13:55:25
2026-01-15 13:56:41,2026-01-15 13:57:19,2026-01-15 13:56:41
2026-01-15 13:57:57,2026-01-15 13:58:10,2026-01-15 13:57:57
2026-01-15 14:18:48,2026-01-15 14:19:13,2026-01-15 14:18:48
2026-01-15 14:20:16,2026-01-15 14:20:42,2026-01-15 14:20:16
2026-01-15 14:22:35,2026-01-15 14:23:26,2026-01-15 14:22:35
2026-01-16 05:07:14,2026-01-16 05:07:26,2026-01-16 05:07:14
2026-01-16 05:22:23,2026-01-16 05:22:36,2026-01-16 05:22:23
2026-01-16 05:23:39,2026-01-16 05:23:52,2026-01-16 05:23:39
2026-01-16 05:26:36,2026-01-16 05:26:49,2026-01-16 05:26:36
2026-01-16 05:28:05,2026-01-16 05:28:30,2026-01-16 05:28:05
2026-01-16 05:32:30,2026-01-16 05:33:58,2026-01-16 05:32:30
2026-01-16 05:34:36,2026-01-16 05:35:27,2026-01-16 05:34:36
2026-01-16 05:56:42,2026-01-16 05:57:08,2026-01-16 05:56:42
2026-01-16 06:00:17,2026-01-16 06:01:58,2026-01-16 06:00:17
2026-01-16 06:17:07,2026-01-16 06:17:45,2026-01-16 06:17:07
2026-01-16 06:19:14,2026-01-16 06:20:42,2026-01-16 06:19:14
2026-01-16 06:37:58,2026-01-16 06:38:36,2026-01-16 06:37:58
2026-01-16 06:41:20,2026-01-16 06:41:58,2026-01-16 06:41:20
2026-01-16 06:43:39,2026-01-16 06:43:51,2026-01-16 06:43:39
2026-01-16 06:44:55,2026-01-16 06:45:07,2026-01-16 06:44:55
2026-01-16 06:51:51,2026-01-16 06:52:29,2026-01-16 06:51:51
2026-01-16 06:53:45,2026-01-16 06:54:23,2026-01-16 06:53:45
2026-01-16 06:56:42,2026-01-16 06:57:45,2026-01-16 06:56:42
2026-01-16 07:41:32,2026-01-16 07:42:10,2026-01-16 07:41:32
2026-01-16 07:44:16,2026-01-16 07:44:42,2026-01-16 07:44:16
2026-01-16 07:52:04,2026-01-16 07:52:42,2026-01-16 07:52:04
2026-01-16 08:24:30,2026-01-16 08:24:55,2026-01-16 08:24:30
2026-01-16 08:35:52,2026-01-16 08:36:04,2026-01-16 08:35:52
2026-01-16 08:43:01,2026-01-16 08:43:27,2026-01-16 08:43:01
2026-01-16 08:46:11,2026-01-16 08:46:49,2026-01-16 08:46:11
2026-01-16 08:48:55,2026-01-16 08:49:08,2026-01-16 08:48:55
2026-01-16 08:58:49,2026-01-16 08:59:40,2026-01-16 08:58:49
2026-01-16 09:00:55,2026-01-16 09:01:33,2026-01-16 09:00:55
2026-01-16 09:05:08,2026-01-16 09:05:21,2026-01-16 09:05:08
2026-01-16 09:06:24,2026-01-16 09:06:36,2026-01-16 09:06:24
2026-01-16 12:58:55,2026-01-16 12:59:07,2026-01-16 12:58:55
2026-01-16 13:11:20,2026-01-16 13:11:45,2026-01-16 13:11:20
