nro_empresa,nro_orden_trabajo,nro_agenda,it_proceso,fecha_inicio,cod_puesto_trabajo,fecha_fin,cant_prog,cant_buenas,cant_malas,usuario_alta,fecha_alta,nro_agenda,cod_art_padre,cod_art,orden,id_chapa,herramental,oc_terc,ubicacion_almacen,almacen,cod_art_cli,usuario_prod,cod_puesto_trabajo,descripcion,dif_min,Espesor,nombre,nro_vta,it_vta,unico,cant_usuario,fecha_usuario,usuario_user,nom_nesting,largo,ancho,peso,gui_nro_personas,gui_nro_golpes,ple_nro_personas,ple_nro_golpes,ple_camb_herra,tiempo_proc
1,1252009,1552494,2,26/11/2025 20:23:34,16,26/11/2025 20:40:09,1,1,0,,01/01/1900 00:00:00,1552494,ROMO-00233,ROMO-00194,2,,p117 m2,0,,,ROMO-00194,DCIPRIAN,16,PLEGADORA 3 B MB8,17,3.20,Ch. 1/8" Corte laser y plegado - 300256 - 001357,64619,1,0,1,30/12/2025 09:52:09:653,DCIPRIAN,,804.3,180,3.14644867296,,,1,3,1,16.580
1,1252010,1552495,2,26/11/2025 20:40:10,16,26/11/2025 20:56:45,1,1,0,,01/01/1900 00:00:00,1552495,ROMO-00233,ROMO-00195,2,,p117 m2,0,,,ROMO-00195,DCIPRIAN,16,PLEGADORA 3 B MB8,16,3.20,Ch 1/8" laser y pleg - 300257 - 01358 SOPORTE IZQUIERDO PARA,64619,1,0,1,30/12/2025 09:55:39:803,DCIPRIAN,,811,206,3.1464485472,,,1,3,1,16.580
1,1253129,1553624,2,28/11/2025 19:06:04,44,28/11/2025 19:29:32,6,6,0,,01/01/1900 00:00:00,1553624,MICR-07047,MICR-07047,2,,p6m13,0,,,424219106,VYANANTU,44,PLEGADORA 9 I TANDEM PHE 1200 T,23,7.93,Ch. 5/16" Corte plasma y plegado - 424219106,64641,4,0,6,30/12/2025 16:55:14:39,VYANANTU,,6905,580,241.5006238111428,,,2,4,1,23.460
1,1253130,1553625,2,28/11/2025 19:29:33,44,28/11/2025 19:53:01,6,6,0,,01/01/1900 00:00:00,1553625,MICR-07046,MICR-07046,2,,p6 m13,0,,,424219105,IOJEDA,44,PLEGADORA 9 I TANDEM PHE 1200 T,24,7.93,Ch 5/16" Corte plasma y plegado - 424219105,64641,1,0,6,30/12/2025 10:38:46:45,IOJEDA,,6905,580,241.500624060462,,,2,4,1,23.460
1,1253125,1553620,2,29/11/2025 06:45:22,40,29/11/2025 07:01:17,1,1,0,,01/01/1900 00:00:00,1553620,ROMO-00224,ROMO-00202,2,,m30 p150,0,,,ROMO-00202,MENDOZA,40,PLEGADORA 4 I PHE 200 T,16,12.70,Ch 1/2" Laser y pleg - 300122 - 00408 SOPORTE INFERIOR IZQUI,64619,1,0,1,30/12/2025 14:12:25:863,MENDOZA,,130,117,1.00774102236,,,1,1,1,15.925
1,1253126,1553621,2,29/11/2025 07:01:18,40,29/11/2025 07:17:13,1,1,0,,01/01/1900 00:00:00,1553621,ROMO-00224,ROMO-00201,2,,m30 p150,0,,,ROMO-00201,MENDOZA,40,PLEGADORA 4 I PHE 200 T,16,12.70,Ch 1/2" Laser y pleg - 300121 - 00407 SOPORTE INFERIOR DEREC,64619,1,0,1,30/12/2025 13:59:23:863,MENDOZA,,130,117,1.00774102236,,,1,1,1,15.925
1,1253127,1553622,2,29/11/2025 07:17:14,40,29/11/2025 07:33:29,1,1,0,,01/01/1900 00:00:00,1553622,ROMO-00234,ROMO-00196,2,,m30 p150,0,,,ROMO-00196,MENDOZA,40,PLEGADORA 4 I PHE 200 T,16,12.70,Ch. 1/2" Corte laser y plegado - 300269 - 001400,64619,1,0,1,30/12/2025 14:44:57:497,MENDOZA,,613.4,101.6,6.0937986963,,,1,2,1,16.253
1,1255300,1555868,2,04/12/2025 06:30:46,16,04/12/2025 06:47:21,1,1,0,,01/01/1900 00:00:00,1555868,ROMO-00233,ROMO-00195,2,,p117 m2,0,,,ROMO-00195,DCIPRIAN,16,PLEGADORA 3 B MB8,17,3.20,Ch 1/8" laser y pleg - 300257 - 01358 SOPORTE IZQUIERDO PARA,64699,1,0,1,30/12/2025 09:55:39:8,DCIPRIAN,,811,206,3.1464485472,,,1,3,1,16.580
1,1255301,1555869,2,04/12/2025 06:47:22,16,04/12/2025 07:03:57,1,1,0,,01/01/1900 00:00:00,1555869,ROMO-00233,ROMO-00194,2,,p117 m2,0,,,ROMO-00194,DCIPRIAN,16,PLEGADORA 3 B MB8,16,3.20,Ch. 1/8" Corte laser y plegado - 300256 - 001357,64699,1,0,1,30/12/2025 09:52:09:65,DCIPRIAN,,804.3,180,3.14644867296,,,1,3,1,16.580
1,1255311,1555881,2,04/12/2025 08:43:34,16,04/12/2025 09:00:09,1,1,0,,01/01/1900 00:00:00,1555881,ROMO-00233,ROMO-00194,2,,p117 m2,0,,,ROMO-00194,DCIPRIAN,16,PLEGADORA 3 B MB8,17,3.20,Ch. 1/8" Corte laser y plegado - 300256 - 001357,64700,1,0,1,30/12/2025 09:52:09:653,DCIPRIAN,,804.3,180,3.14644867296,,,1,3,1,16.580
1,1255313,1555883,2,04/12/2025 09:00:10,16,04/12/2025 09:16:45,1,1,0,,01/01/1900 00:00:00,1555883,ROMO-00233,ROMO-00195,2,,p117 m2,0,,,ROMO-00195,DCIPRIAN,16,PLEGADORA 3 B MB8,16,3.20,Ch 1/8" laser y pleg - 300257 - 01358 SOPORTE IZQUIERDO PARA,64700,1,0,1,30/12/2025 09:55:39:803,DCIPRIAN,,811,206,3.1464485472,,,1,3,1,16.580
1,1255320,1555890,2,04/12/2025 10:29:41,16,04/12/2025 10:46:16,1,1,0,,01/01/1900 00:00:00,1555890,ROMO-00233,ROMO-00195,2,,p117 m2,0,,,ROMO-00195,DCIPRIAN,16,PLEGADORA 3 B MB8,17,3.20,Ch 1/8" laser y pleg - 300257 - 01358 SOPORTE IZQUIERDO PARA,64701,1,0,1,30/12/2025 09:55:39:807,DCIPRIAN,,811,206,3.1464485472,,,1,3,1,16.580
1,1255322,1555892,2,04/12/2025 10:46:17,16,04/12/2025 11:02:52,1,1,0,,01/01/1900 00:00:00,1555892,ROMO-00233,ROMO-00194,2,,p117 m2,0,,,ROMO-00194,DCIPRIAN,16,PLEGADORA 3 B MB8,16,3.20,Ch. 1/8" Corte laser y plegado - 300256 - 001357,64701,1,0,1,30/12/2025 09:52:09:657,DCIPRIAN,,804.3,180,3.14644867296,,,1,3,1,16.580
1,1255324,1555894,2,04/12/2025 11:02:53,16,04/12/2025 11:19:28,1,1,0,,01/01/1900 00:00:00,1555894,ROMO-00233,ROMO-00194,2,,p117 m2,0,,,ROMO-00194,DCIPRIAN,16,PLEGADORA 3 B MB8,17,3.20,Ch. 1/8" Corte laser y plegado - 300256 - 001357,64703,1,0,1,30/12/2025 09:52:09:66,DCIPRIAN,,804.3,180,3.14644867296,,,1,3,1,16.580
1,1255325,1555895,2,04/12/2025 11:19:29,16,04/12/2025 11:36:04,1,1,0,,01/01/1900 00:00:00,1555895,ROMO-00233,ROMO-00195,2,,p117 m2,0,,,ROMO-00195,DCIPRIAN,16,PLEGADORA 3 B MB8,17,3.20,Ch 1/8" laser y pleg - 300257 - 01358 SOPORTE IZQUIERDO PARA,64703,1,0,1,30/12/2025 09:55:39:81,DCIPRIAN,,811,206,3.1464485472,,,1,3,1,16.580
1,1255326,1555896,2,04/12/2025 11:36:05,16,04/12/2025 11:52:40,1,1,0,,01/01/1900 00:00:00,1555896,ROMO-00233,ROMO-00195,2,,p117 m2,0,,,ROMO-00195,DCIPRIAN,16,PLEGADORA 3 B MB8,16,3.20,Ch 1/8" laser y pleg - 300257 - 01358 SOPORTE IZQUIERDO PARA,64704,1,0,1,30/12/2025 09:55:39:813,DCIPRIAN,,811,206,3.1464485472,,,1,3,1,16.580
1,1255327,1555897,2,04/12/2025 11:52:41,16,04/12/2025 12:09:16,1,1,0,,01/01/1900 00:00:00,1555897,ROMO-00233,ROMO-00194,2,,p117 m2,0,,,ROMO-00194,DCIPRIAN,16,PLEGADORA 3 B MB8,17,3.20,Ch. 1/8" Corte laser y plegado - 300256 - 001357,64704,1,0,1,30/12/2025 09:52:09:66,DCIPRIAN,,804.3,180,3.14644867296,,,1,3,1,16.580
1,1256761,1557426,1,05/12/2025 17:20:36,41,05/12/2025 18:23:29,24,24,0,,01/01/1900 00:00:00,1557426,CAIM-02485,CAIM-02485,2,,P117 M1,0,,,PPA-6371,EROMAGNO,41,PLEGADORA 6 I PHE 35 T,63,1.25,Ch N°18 Corte laser y plegado - PPA-6371 - 28155_A,64746,15,0,24,30/12/2025 17:42:49:09,EROMAGNO,,398,560,1.43380027275,,,1,6,1,62.772
1,1256946,1557611,1,09/12/2025 05:39:05,17,09/12/2025 05:57:56,5,5,0,,01/01/1900 00:00:00,1557611,CODE-00642,CODE-00642,2,,m51 p50,0,,,C1-02-04-064,MSANONI,17,PLEGADORA 1 I PHE 300 T,18,3.20,Ch 1/8 Corte Laser y Plegado - C1-02-04-064,64752,2,0,5,30/12/2025 23:50:53:983,MSANONI,,1496,1037,28.662238272,,,2,2,1,18.873
1,1256947,1557612,1,09/12/2025 05:57:57,17,09/12/2025 06:16:48,5,5,0,,01/01/1900 00:00:00,1557612,CODE-01973,CODE-01973,3,,p14 m 51,0,,,C1-02-04-087,MGRIGHIN,17,PLEGADORA 1 I PHE 300 T,19,3.20,Ch 1/8" Corte laser y plegado + Rolado - C1-02-04-087,64752,3,0,5,30/12/2025 06:32:57:153,MGRIGHIN,,2288,1438,71.93717282304002,,,2,2,1,18.873
1,1256948,1557613,1,09/12/2025 06:16:49,17,09/12/2025 06:35:40,5,5,0,,01/01/1900 00:00:00,1557613,CODE-01974,CODE-01974,3,,P14 M 51,0,,,C1-02-04-088,MGRIGHIN,17,PLEGADORA 1 I PHE 300 T,19,3.20,Ch 1/8" Corte laser y plegado + Rolado - C1-02-04-088,64752,4,0,5,30/12/2025 08:33:08:703,MGRIGHIN,,2212,754,37.733388816,,,2,2,1,18.873
1,1256949,1557614,1,09/12/2025 06:35:41,17,09/12/2025 06:54:32,5,5,0,,01/01/1900 00:00:00,1557614,CODE-01975,CODE-01975,3,,P14 M 51,0,,,C1-02-04-089,MGRIGHIN,17,PLEGADORA 1 I PHE 300 T,19,3.20,Ch 1/8" Corte laser y plegado + Rolado - C1-02-04-089,64752,5,0,5,30/12/2025 08:12:16:06,MGRIGHIN,,2212,754,37.733388816,,,2,2,1,18.873
1,1256950,1557615,1,09/12/2025 06:54:33,17,09/12/2025 07:13:24,5,5,0,,01/01/1900 00:00:00,1557615,CODE-01977,CODE-01977,3,,P14 M 51,0,,,C1-02-04-091,MGRIGHIN,17,PLEGADORA 1 I PHE 300 T,19,3.20,Ch 1/8" Corte laser y plegado - C1-02-04-091,64752,6,0,5,30/12/2025 07:48:08:05,MGRIGHIN,,2238,896,37.8393428736,,,2,2,1,18.873
1,1256951,1557616,1,09/12/2025 07:13:25,17,09/12/2025 07:30:40,5,5,0,,01/01/1900 00:00:00,1557616,CODE-01979,CODE-01979,3,,P14 M 51,0,,,C1-02-04-094,MGRIGHIN,17,PLEGADORA 1 I PHE 300 T,17,3.20,Ch 1/8" Corte laser y plegado + Rolado - C1-02-04-094,64752,8,0,5,30/12/2025 08:58:57:637,MGRIGHIN,,1056,926,17.55349176192,,,2,1,1,17.235
1,1256952,1557617,1,09/12/2025 07:30:41,17,09/12/2025 07:49:32,5,5,0,,01/01/1900 00:00:00,1557617,CODE-01978,CODE-01978,3,,p14 m 51,0,,,C1-02-04-092,MGRIGHIN,17,PLEGADORA 1 I PHE 300 T,19,3.20,Ch 1/8" Corte laser y plegado + Rolado - C1-02-04-092,64752,7,0,5,30/12/2025 07:31:15:827,MGRIGHIN,,2238,896,37.8393428736,,,2,2,1,18.873
1,1256953,1557618,1,09/12/2025 07:49:33,17,09/12/2025 08:06:48,5,5,0,,01/01/1900 00:00:00,1557618,CODE-01980,CODE-01980,3,,P14 M 51,0,,,C1-02-04-095,MGRIGHIN,17,PLEGADORA 1 I PHE 300 T,17,3.20,Ch 1/8" Corte laser y plegado + Rolado - C1-02-04-095,64752,9,0,5,30/12/2025 08:57:53:09,MGRIGHIN,,1053,926,17.55349176192,,,2,1,1,17.235
1,1256954,1557619,1,09/12/2025 08:06:49,17,09/12/2025 08:25:40,5,5,0,,01/01/1900 00:00:00,1557619,CODE-00641,CODE-00641,2,,m51 p50,0,,,C1-02-04-063,MSANONI,17,PLEGADORA 1 I PHE 300 T,19,3.20,Ch 1/8 Corte Laser y Plegado - C1-02-04-063,64752,1,0,5,30/12/2025 23:44:08:857,MSANONI,,1496,1037,28.662238272,,,2,2,1,18.873
1,1258013,1558708,2,09/12/2025 16:52:14,48,09/12/2025 18:20:14,100,100,0,,01/01/1900 00:00:00,1558708,VARI-18773,VARI-18771,2,,,0,,,,SOSA,48,PRENSA,88,1.60,Tubo Ø 3/4" (19.05mm) x1.6CC L 490- Rotolaser- Vaina sup IZQ,64415,1,0,100,30/12/2025 15:02:20:97,SOSA,,490,,0.335376,,,1,2,2,87.615
1,1258014,1558709,2,09/12/2025 18:20:15,48,09/12/2025 18:20:15,100,100,0,,01/01/1900 00:00:00,1558709,VARI-18773,VARI-19575,2,,,0,,,,SOSA,48,PRENSA,0,1.60,Tubo CC Ø 2"(50.8)x1.6 L.160 C/R- Rotolaser - T. Tapa sup,64415,1,0,100,30/12/2025 15:08:42:74,SOSA,,160,,0.3006954,,,,,,0
1,1258015,1558710,2,09/12/2025 18:20:16,48,09/12/2025 19:48:16,100,100,0,,01/01/1900 00:00:00,1558710,VARI-18773,VARI-19398,2,,,0,,,,SOSA,48,PRENSA,88,1.60,Tubo Ø 3/4" (19.05mm) x1.6CC L 490- Rotolaser- Vaina sup DER,64415,1,0,100,30/12/2025 15:06:18:177,SOSA,,490,,0.335376,,,1,2,2,87.615
1,1256689,1557354,1,09/12/2025 23:50:38,40,10/12/2025 05:47:43,16,16,0,,01/01/1900 00:00:00,1557354,CELE-01623,CELE-01623,2,,P6M13,0,,,P11430,HMONJE,40,PLEGADORA 4 I PHE 200 T,357,7.93,Ch 5/16 Corte Laser y Plegado - P11430,64748,5,0,16,30/12/2025 15:31:39:87,HMONJE,,189,51,0.569059231338,,,1,2,1,26.081
1,1256922,1557587,2,10/12/2025 05:59:48,41,10/12/2025 07:27:48,110,110,0,,01/01/1900 00:00:00,1557587,DALA-00046,DALA-00046,2,,m2 p130,0,,,85080227,MENDOZA,41,PLEGADORA 6 I PHE 35 T,88,3.20,Ch. 1/8" Corte laser y plegado - 85080227 DALA-00046,64740,9,0,110,30/12/2025 10:52:26:87,MENDOZA,,128,31.75,0.09713098752000002,,,1,2,1,87.669
1,1256729,1557394,2,10/12/2025 12:04:02,40,10/12/2025 12:19:57,1,1,0,,01/01/1900 00:00:00,1557394,ROMO-00224,ROMO-00201,2,,m30 p150,0,,,ROMO-00201,MENDOZA,40,PLEGADORA 4 I PHE 200 T,15,12.70,Ch 1/2" Laser y pleg - 300121 - 00407 SOPORTE INFERIOR DEREC,64699,1,0,1,30/12/2025 14:07:44:24,MENDOZA,,130,117,1.00774102236,,,1,1,1,15.925
1,1256730,1557395,2,10/12/2025 12:19:58,40,10/12/2025 12:35:53,1,1,0,,01/01/1900 00:00:00,1557395,ROMO-00224,ROMO-00202,2,,m30 p150,0,,,ROMO-00202,MENDOZA,40,PLEGADORA 4 I PHE 200 T,16,12.70,Ch 1/2" Laser y pleg - 300122 - 00408 SOPORTE INFERIOR IZQUI,64699,1,0,1,30/12/2025 14:14:29:57,MENDOZA,,130,117,1.00774102236,,,1,1,1,15.925
1,1256732,1557397,2,10/12/2025 12:51:50,40,10/12/2025 13:08:05,1,1,0,,01/01/1900 00:00:00,1557397,ROMO-00234,ROMO-00196,2,,m30 p150,0,,,ROMO-00196,MENDOZA,40,PLEGADORA 4 I PHE 200 T,17,12.70,Ch. 1/2" Corte laser y plegado - 300269 - 001400,64699,1,0,1,30/12/2025 14:46:38:95,MENDOZA,,613.4,101.6,6.0937986963,,,1,2,1,16.253
1,1256737,1557402,2,10/12/2025 14:13:12,40,10/12/2025 14:29:27,1,1,0,,01/01/1900 00:00:00,1557402,ROMO-00234,ROMO-00196,2,,p150m30,0,,,ROMO-00196,HMONJE,40,PLEGADORA 4 I PHE 200 T,16,12.70,Ch. 1/2" Corte laser y plegado - 300269 - 001400,64700,1,0,1,30/12/2025 15:09:24:06,HMONJE,,613.4,101.6,6.0937986963,,,1,2,1,16.253
1,1256739,1557404,2,10/12/2025 14:45:24,40,10/12/2025 15:01:19,1,1,0,,01/01/1900 00:00:00,1557404,ROMO-00224,ROMO-00202,2,,m30 p150,0,,,ROMO-00202,MENDOZA,40,PLEGADORA 4 I PHE 200 T,16,12.70,Ch 1/2" Laser y pleg - 300122 - 00408 SOPORTE INFERIOR IZQUI,64701,1,0,1,30/12/2025 14:17:10:377,MENDOZA,,130,117,1.00774102236,,,1,1,1,15.925
1,1256742,1557407,2,10/12/2025 15:33:53,40,10/12/2025 15:50:08,1,1,0,,01/01/1900 00:00:00,1557407,ROMO-00234,ROMO-00196,2,,p150m30,0,,,ROMO-00196,HMONJE,40,PLEGADORA 4 I PHE 200 T,17,12.70,Ch. 1/2" Corte laser y plegado - 300269 - 001400,64701,1,0,1,30/12/2025 15:09:24:06,HMONJE,,613.4,101.6,6.0937986963,,,1,2,1,16.253
1,1256743,1557408,2,10/12/2025 15:50:09,40,10/12/2025 16:06:04,1,1,0,,01/01/1900 00:00:00,1557408,ROMO-00224,ROMO-00201,2,,m30 p150,0,,,ROMO-00201,MENDOZA,40,PLEGADORA 4 I PHE 200 T,16,12.70,Ch 1/2" Laser y pleg - 300121 - 00407 SOPORTE INFERIOR DEREC,64703,1,0,1,30/12/2025 13:53:34:607,MENDOZA,,130,117,1.00774102236,,,1,1,1,15.925
1,1256746,1557411,2,10/12/2025 16:38:18,40,10/12/2025 16:54:33,1,1,0,,01/01/1900 00:00:00,1557411,ROMO-00234,ROMO-00196,2,,P150M30,0,,,ROMO-00196,HMONJE,40,PLEGADORA 4 I PHE 200 T,16,12.70,Ch. 1/2" Corte laser y plegado - 300269 - 001400,64703,1,0,1,30/12/2025 15:09:24:063,HMONJE,,613.4,101.6,6.0937986963,,,1,2,1,16.253
1,1256747,1557412,2,10/12/2025 16:54:34,40,10/12/2025 17:10:49,1,1,0,,01/01/1900 00:00:00,1557412,ROMO-00234,ROMO-00196,2,,m30 p150,0,,,ROMO-00196,MENDOZA,40,PLEGADORA 4 I PHE 200 T,16,12.70,Ch. 1/2" Corte laser y plegado - 300269 - 001400,64704,1,0,1,30/12/2025 14:45:49:7,MENDOZA,,613.4,101.6,6.0937986963,,,1,2,1,16.253
1,1257062,1557727,1,10/12/2025 17:10:50,40,10/12/2025 17:29:41,5,5,0,,01/01/1900 00:00:00,1557727,CODE-01260,CODE-01260,2,,p6m105,0,,,C6-01-04-022,HMONJE,40,PLEGADORA 4 I PHE 200 T,19,15.87,Ch 5/8" Corte plasma y plegado - C6-01-04-022,64752,15,0,5,30/12/2025 18:25:29:7,HMONJE,,582,160,10.700082712224,,,1,2,1,18.873
1,1257063,1557728,1,10/12/2025 17:29:42,40,10/12/2025 17:48:33,5,5,0,,01/01/1900 00:00:00,1557728,CODE-01257,CODE-01257,2,,p6m105,0,,,C6-01-04-019,HMONJE,40,PLEGADORA 4 I PHE 200 T,19,15.87,Ch 5/8" Corte plasma y plegado - C6-01-04-019,64752,14,0,5,30/12/2025 18:24:26:34,HMONJE,,582,160,10.700082712224,,,1,2,1,18.873
1,1258651,1559350,1,11/12/2025 12:39:25,42,11/12/2025 12:57:38,2,2,0,,01/01/1900 00:00:00,1559350,MICR-04428,MICR-04427,2,,p6m4,0,,,254242759,HMONJE,42,PLEGADORA 7 I PHE 600 T,18,6.35,Ch 1/4" Corte plasma y plegado - 254242759,64800,1,0,2,30/12/2025 00:01:37:443,HMONJE,,1360,260,16.84281433056,,,2,4,1,18.218
1,1258655,1559354,1,11/12/2025 14:04:41,42,11/12/2025 14:28:09,6,6,0,,01/01/1900 00:00:00,1559354,MICR-04428,MICR-04427,2,,p6m4,0,,,254242759,HMONJE,42,PLEGADORA 7 I PHE 600 T,24,6.35,Ch 1/4" Corte plasma y plegado - 254242759,64800,2,0,6,30/12/2025 00:01:37:447,HMONJE,,1360,260,16.84281433056,,,2,4,1,23.460
1,1259108,1559807,1,12/12/2025 15:32:24,41,12/12/2025 16:01:06,10,10,100009,,01/01/1900 00:00:00,1559807,MICH-00050,MICH-00050,2,,pp17 mv12,0,,,MICH-00050,EROMAGNO,41,PLEGADORA 6 I PHE 35 T,29,1.20,Ch. 1.2mm AISI 430 Corte laser y plegado - Micheloud plano,64813,1,0,-10,30/12/2025 20:14:58:4,EROMAGNO,,238.242,79.9,0.149961419928,,,1,4,1,28.701
1,1259108,1559807,1,12/12/2025 15:32:24,41,12/12/2025 16:01:06,10,10,100009,,01/01/1900 00:00:00,1559807,MICH-00050,MICH-00050,2,,pp17 mv12,0,,,MICH-00050,EROMAGNO,41,PLEGADORA 6 I PHE 35 T,29,1.20,Ch. 1.2mm AISI 430 Corte laser y plegado - Micheloud plano,64813,1,0,10,30/12/2025 20:11:56:887,EROMAGNO,,238.242,79.9,0.149961419928,,,1,4,1,28.701
1,1259108,1559807,1,12/12/2025 15:32:24,41,12/12/2025 16:01:06,10,10,100009,,01/01/1900 00:00:00,1559807,MICH-00050,MICH-00050,2,,pp17 mv12,0,,,MICH-00050,EROMAGNO,41,PLEGADORA 6 I PHE 35 T,29,1.20,Ch. 1.2mm AISI 430 Corte laser y plegado - Micheloud plano,64813,1,0,10,30/12/2025 20:15:06:39,EROMAGNO,,238.242,79.9,0.149961419928,,,1,4,1,28.701
1,1259594,1560308,1,15/12/2025 10:39:26,17,15/12/2025 10:58:57,2,2,0,,01/01/1900 00:00:00,1560308,MARP-00002,MARP-00002,2,,m48 p14,0,,,MP-PP-151,MSANONI,17,PLEGADORA 1 I PHE 300 T,19,1.60,Ch N°16 Corte Laser y Plegado + Rolado - MP-PP-151 Solapa,64822,2,0,2,30/12/2025 23:30:25:983,MSANONI,,2859.99,236.19,7.90216556736,,,2,6,1,19.529
1,1259616,1560330,1,15/12/2025 11:58:14,17,15/12/2025 12:26:14,2,2,0,,01/01/1900 00:00:00,1560330,FABI-00375,FABI-00375,2,,p50 m48,0,,,01-010-23098,MSANONI,17,PLEGADORA 1 I PHE 300 T,28,2.00,Ch N°14 Corte laser y plegado - 01-010-23098,64820,6,0,2,30/12/2025 22:38:07:517,MSANONI,,2645,665,27.3641471676,,,2,9,2,27.992
1,1259618,1560332,1,15/12/2025 12:44:28,17,15/12/2025 13:02:02,1,1,0,,01/01/1900 00:00:00,1560332,MARP-00161,MARP-00161,2,,P14 M 48,0,,,MP-PP-112,MGRIGHIN,17,PLEGADORA 1 I PHE 300 T,18,2.00,Ch N°14 Corte Laser y Plegado - MP-PP-112,64822,161,0,1,30/12/2025 14:46:11:487,MGRIGHIN,,2979.46,789.14,36.2984717748,,,2,6,1,17.563
1,1259620,1560334,1,15/12/2025 13:20:56,17,15/12/2025 13:38:49,1,1,0,,01/01/1900 00:00:00,1560334,MARP-00163,MARP-00163,2,,m48 p14,0,,,MP-PP-114,MSANONI,17,PLEGADORA 1 I PHE 300 T,18,2.00,Ch N°14 Corte Laser y Plegado - MP-PP-114,64822,163,0,1,30/12/2025 15:41:05:11,MSANONI,,2979.46,789.14,36.3495102132,,,2,7,1,17.891
1,1259622,1560336,1,15/12/2025 13:57:43,17,15/12/2025 14:14:57,1,1,0,,01/01/1900 00:00:00,1560336,MARP-00165,MARP-00165,2,,p14 m 48,0,,,MP-PP-116,MGRIGHIN,17,PLEGADORA 1 I PHE 300 T,17,2.00,Ch N°14 Corte Laser y Plegado - MP-PP-116,64822,165,0,1,30/12/2025 13:24:14:477,MGRIGHIN,,2945,780.9,35.477526372,,,2,5,1,17.235
1,1259623,1560337,1,15/12/2025 14:14:58,17,15/12/2025 14:32:12,1,1,0,,01/01/1900 00:00:00,1560337,MARP-00166,MARP-00166,2,,p14 m48,0,,,MP-PP-117,MGRIGHIN,17,PLEGADORA 1 I PHE 300 T,18,2.00,Ch N°14 Corte Laser y Plegado - MP-PP-117,64822,166,0,1,30/12/2025 13:54:03:807,MGRIGHIN,,2945,780.9,35.461339488,,,2,5,1,17.235
1,1259624,1560338,1,15/12/2025 14:32:13,17,15/12/2025 14:49:47,1,1,0,,01/01/1900 00:00:00,1560338,MARP-00167,MARP-00167,2,,M48 P14,0,,,MP-PP-118,MSANONI,17,PLEGADORA 1 I PHE 300 T,17,2.00,Ch N°14 Corte Laser y Plegado - MP-PP-118,64822,167,0,1,30/12/2025 17:19:05:503,MSANONI,,2938.48,1009.77,41.3517349428,,,2,6,1,17.563
1,1259625,1560339,1,15/12/2025 14:49:48,17,15/12/2025 15:07:22,1,1,0,,01/01/1900 00:00:00,1560339,MARP-00168,MARP-00168,2,,M48 P14,0,,,MP-PP-119,MSANONI,17,PLEGADORA 1 I PHE 300 T,18,2.00,Ch N°14 Corte Laser y Plegado -  MP-PP-119,64822,168,0,1,30/12/2025 17:50:39:013,MSANONI,,2938.48,1009.77,41.30767194,,,1,6,1,17.563
1,1259626,1560340,1,15/12/2025 15:07:23,17,15/12/2025 15:24:57,1,1,0,,01/01/1900 00:00:00,1560340,MARP-00169,MARP-00169,2,,M48 P14,0,,,MP-PP-120,MSANONI,17,PLEGADORA 1 I PHE 300 T,17,2.00,Ch N°14 Corte Laser y Plegado - MP-PP-120,64822,169,0,1,30/12/2025 18:18:10:463,MSANONI,,2939.26,1011.26,41.4046173372,,,2,6,1,17.563
1,1259627,1560341,1,15/12/2025 15:24:58,17,15/12/2025 15:42:32,1,1,0,,01/01/1900 00:00:00,1560341,MARP-00170,MARP-00170,2,,M48 P14,0,,,MP-PP-121,MSANONI,17,PLEGADORA 1 I PHE 300 T,18,2.00,Ch N°14 Corte Laser y Plegado - MP-PP-121,64822,170,0,1,30/12/2025 16:48:44:783,MSANONI,,2939.26,1011.26,41.4046173372,,,2,6,1,17.563
1,1259628,1560342,1,15/12/2025 15:42:33,17,15/12/2025 16:00:46,2,2,0,,01/01/1900 00:00:00,1560342,MARP-00171,MARP-00171,2,,m48 p14,0,,,MP-PP-122,MSANONI,17,PLEGADORA 1 I PHE 300 T,18,2.00,Ch N°14 Corte Laser y Plegado - MP-PP-122,64822,171,0,2,30/12/2025 16:10:36:817,MSANONI,,2940.22,1222.74,48.0867672552,,,2,4,1,18.218
1,1259629,1560343,1,15/12/2025 16:00:47,17,15/12/2025 16:17:42,1,1,0,,01/01/1900 00:00:00,1560343,MARP-00172,MARP-00172,2,,P14 M 48,0,,,MP-PP-123,MGRIGHIN,17,PLEGADORA 1 I PHE 300 T,17,2.00,Ch N°14 Corte Laser y Plegado - MP-PP-123,64822,172,0,1,30/12/2025 11:05:23:607,MGRIGHIN,,4257.8,954.82,50.5154365152,,,3,4,1,16.908
1,1259631,1560345,1,15/12/2025 16:34:58,17,15/12/2025 16:52:32,2,2,0,,01/01/1900 00:00:00,1560345,MARP-00174,MARP-00174,2,,p14 m 48,0,,,MP-PP-125,MGRIGHIN,17,PLEGADORA 1 I PHE 300 T,18,2.00,Ch N°14 Corte Laser y Plegado - MP-PP-125,64822,174,0,2,30/12/2025 11:58:35:093,MGRIGHIN,,1984.59,1223.08,26.9774381544,,,2,3,1,17.563
1,1259635,1560349,1,15/12/2025 17:41:41,17,15/12/2025 17:58:16,1,1,0,,01/01/1900 00:00:00,1560349,MARP-00178,MARP-00178,2,,P14 M 48,0,,,MP-PP-129,MGRIGHIN,17,PLEGADORA 1 I PHE 300 T,17,2.00,Ch N°14 Corte Laser y Plegado - MP-PP-129,64822,178,0,1,30/12/2025 09:58:36:51,MGRIGHIN,,2458.89,908.01,24.610156752,,,2,3,1,16.580
1,1259788,1560502,2,15/12/2025 19:37:18,40,15/12/2025 19:58:08,4,4,0,,01/01/1900 00:00:00,1560502,FONT-00004,FONT-00003,2,,p6m30,0,,,FONT-00003,HMONJE,40,PLEGADORA 4 I PHE 200 T,21,9.51,Ch. 3/8 Corte Laser y Plegado - 150581 - Fontana,64814,2,0,4,30/12/2025 17:19:01:323,HMONJE,,697,651,33.885444974328,,,2,4,1,20.839
1,1259789,1560503,2,15/12/2025 19:58:09,40,15/12/2025 20:18:59,4,4,0,,01/01/1900 00:00:00,1560503,FONT-00009,FONT-00010,2,,P6M30,0,,,FONT-00010,HMONJE,40,PLEGADORA 4 I PHE 200 T,20,9.51,Ch. 3/8 Corte Laser y Plegado - 150634 - Fontana,64814,5,0,4,30/12/2025 16:20:08:73,HMONJE,,660,587,28.12353659919,,,2,4,1,20.839
1,1259714,1560428,1,16/12/2025 06:43:53,16,16/12/2025 07:01:28,6,6,0,,01/01/1900 00:00:00,1560428,MARP-00105,MARP-00105,2,,p150 m3,0,,,MP-PP-226,DCIPRIAN,16,PLEGADORA 3 B MB8,18,4.75,Ch 3/16" Corte Laser y Plegado - MP-PP-226,64822,105,0,1,30/12/2025 05:38:51:667,DCIPRIAN,,228.92,160,1.33126716225,,,1,1,1,17.563
1,1260594,1561310,1,16/12/2025 10:42:11,42,16/12/2025 11:03:01,4,4,0,,01/01/1900 00:00:00,1561310,MALA-00290,MALA-00290,2,,p3m3,0,,,MALA-00290,VYANANTU,42,PLEGADORA 7 I PHE 600 T,21,3.57,Ch 1/8 Ant. Corte Plasma  y Plegado - Pasarela L 4600 x 450,64847,2,0,4,30/12/2025 20:22:47:94,VYANANTU,,4600,566,60.14984472,,,2,4,1,20.839
1,1260597,1561314,1,16/12/2025 10:43:33,44,16/12/2025 11:01:46,2,2,0,,01/01/1900 00:00:00,1561314,MALA-01546,MALA-01546,2,,p3 m3,0,,,MALA-01546,VYANANTU,44,PLEGADORA 9 I TANDEM PHE 1200 T,18,3.57,Ch 1/8 Ant. Corte Plasma  y Plegado - Pasarela L5700 x 450,64847,1,0,2,30/12/2025 19:34:56:73,VYANANTU,,5700,566,90.52781724,,,2,4,1,18.218
1,1260566,1561282,2,16/12/2025 11:02:47,16,16/12/2025 11:19:02,1,1,0,,01/01/1900 00:00:00,1561282,ESCA-01324,ESCA-01324,2,,p117 m2,0,,,005 037 202,DCIPRIAN,16,PLEGADORA 3 B MB8,17,3.20,Ch 1/8" Corte Laser y Plegado - 005 037 202,64833,7,0,1,30/12/2025 06:46:13:68,DCIPRIAN,,690.61,244.83,2.71452306048,,,1,2,1,16.253
1,1260595,1561311,1,16/12/2025 11:03:02,42,16/12/2025 11:19:57,1,1,0,,01/01/1900 00:00:00,1561311,MALA-01518,MALA-01518,2,,p3m3,0,,,MALA-01518,VYANANTU,42,PLEGADORA 7 I PHE 600 T,16,3.57,Ch 1/8 Ant Corte Plasma y Pleg - Pasarela L 1200 x 250,64847,3,0,1,30/12/2025 20:35:44:643,VYANANTU,,1200,366,12.32403984,,,1,4,1,16.908
1,1260567,1561283,2,16/12/2025 11:19:03,16,16/12/2025 11:35:18,1,1,0,,01/01/1900 00:00:00,1561283,ESCA-01328,ESCA-01328,2,,p117 m2,0,,,005 037 206,DCIPRIAN,16,PLEGADORA 3 B MB8,16,3.20,Ch 1/8" Corte Laser y Plegado - 005 037 206,64833,11,0,1,30/12/2025 06:34:05:087,DCIPRIAN,,534.75,352.16,2.90215647744,,,1,2,1,16.253
1,1260596,1561312,1,16/12/2025 11:19:58,42,16/12/2025 12:01:46,20,20,0,,01/01/1900 00:00:00,1561312,CRUC-00257,CRUC-00257,2,,p3m3,0,,,PB000525 A,VYANANTU,42,PLEGADORA 7 I PHE 600 T,42,3.57,Ch. 1/8" Ant. Corte Plasma y pleg. - PB000525 A(G446022),64831,1,0,20,30/12/2025 23:27:57:573,VYANANTU,,3950,434,48.10360086,0,0,2,4,1,41.805
1,1260568,1561284,2,16/12/2025 11:35:19,16,16/12/2025 11:51:34,1,1,0,,01/01/1900 00:00:00,1561284,ESCA-01323,ESCA-01323,2,,p117 m2,0,,,005 037 201,DCIPRIAN,16,PLEGADORA 3 B MB8,16,3.20,Ch 1/8" Corte Laser y Plegado - 005 037 201,64833,6,0,1,30/12/2025 06:47:23:323,DCIPRIAN,,690.61,244.83,2.71452306048,,,1,2,1,16.253
1,1260569,1561285,2,16/12/2025 11:51:35,16,16/12/2025 12:08:30,4,4,0,,01/01/1900 00:00:00,1561285,ESCA-00556,ESCA-00556,2,,p117 m2,0,,,005 037 055,DCIPRIAN,16,PLEGADORA 3 B MB8,17,3.20,Ch 1/8" Corte laser y plegado - 005 037 055,64833,2,0,4,30/12/2025 06:04:49:33,DCIPRIAN,,707,244,2.8042266624,,,1,1,1,16.908
1,1260570,1561286,2,16/12/2025 12:08:31,16,16/12/2025 12:25:26,4,4,0,,01/01/1900 00:00:00,1561286,ESCA-00537,ESCA-00537,2,,p117 m2,0,,,005 037 054,DCIPRIAN,16,PLEGADORA 3 B MB8,17,3.20,Ch 1/8" Corte laser y plegado - 005 037 054,64833,1,0,4,30/12/2025 06:03:08:75,DCIPRIAN,,707,244,2.8042266624,,,1,1,1,16.908
1,1260571,1561287,2,16/12/2025 12:25:27,16,16/12/2025 12:45:58,3,3,0,,01/01/1900 00:00:00,1561287,ESCA-01326,ESCA-01326,2,,p117 m2,0,,,005 037 204,DCIPRIAN,16,PLEGADORA 3 B MB8,20,3.20,Ch 1/8" Corte Laser y Plegado - 005 037 204,64833,9,0,3,30/12/2025 07:13:11:463,DCIPRIAN,,1075.5,352.32,5.86003922304,,,1,5,1,20.511
1,1260572,1561288,2,16/12/2025 12:45:59,16,16/12/2025 13:02:14,1,1,0,,01/01/1900 00:00:00,1561288,ESCA-01327,ESCA-01327,2,,p117 m2,0,,,005 037 205,DCIPRIAN,16,PLEGADORA 3 B MB8,17,3.20,Ch 1/8" Corte Laser y Plegado - 005 037 205,64833,10,0,1,30/12/2025 06:29:51:527,DCIPRIAN,,534.75,352.16,2.90215647744,,,1,2,1,16.253
1,1260574,1561290,1,16/12/2025 13:02:15,16,16/12/2025 13:20:27,4,4,0,,01/01/1900 00:00:00,1561290,FRNZ-00237,FRNZ-00237,2,,p117 m2,0,,,FRNZ-00237,DCIPRIAN,16,PLEGADORA 3 B MB8,18,3.20,Ch 1/8" Corte laser y plegado - Frente guillotina 500,64836,13,0,4,30/12/2025 08:59:35:323,DCIPRIAN,,219.5,172,0.94256038464,,,1,2,1,18.218
1,1260575,1561291,1,16/12/2025 13:20:28,16,16/12/2025 13:38:40,4,4,0,,01/01/1900 00:00:00,1561291,FRNZ-00236,FRNZ-00236,2,,p117 m2,0,,,FRNZ-00236,DCIPRIAN,16,PLEGADORA 3 B MB8,18,3.20,Ch 1/8" Corte laser y plegado - Lateral guillotina,64836,12,0,4,30/12/2025 07:38:25:663,DCIPRIAN,,550,138,1.87999931904,,,1,2,1,18.218
1,1259935,1560649,1,16/12/2025 13:27:30,41,16/12/2025 13:51:57,3,3,0,,01/01/1900 00:00:00,1560649,DALA-00486,DALA-00486,2,,P117MV12,0,,,DALA-00486,EROMAGNO,41,PLEGADORA 6 I PHE 35 T,24,1.25,Ch. N°18 Corte laser y plegado - Trasera,64828,31,0,3,30/12/2025 19:33:52:037,EROMAGNO,,910.8,460,3.927222836025,,,1,9,1,24.443
1,1260576,1561292,1,16/12/2025 13:38:41,16,16/12/2025 13:55:35,2,2,0,,01/01/1900 00:00:00,1561292,FRNZ-00238,FRNZ-00238,2,,p117 m2,0,,,FRNZ-00238,DCIPRIAN,16,PLEGADORA 3 B MB8,17,3.20,Ch 1/8" Corte laser y plegado - Fondo guillotina 500,64836,14,0,2,30/12/2025 08:14:08:94,DCIPRIAN,,550,196,2.17466732352,,,1,2,1,16.908
1,1259936,1560650,1,16/12/2025 13:51:58,41,16/12/2025 14:16:25,3,3,0,,01/01/1900 00:00:00,1560650,DALA-00485,DALA-00485,2,,P117 MV12,0,,,DALA-00485,EROMAGNO,41,PLEGADORA 6 I PHE 35 T,25,1.25,Ch. N°18 Corte laser y plegado - Lateral,64828,29,0,3,30/12/2025 19:12:45:603,EROMAGNO,,779.4,450,3.27658458255,,,1,9,1,24.443
1,1260577,1561293,1,16/12/2025 13:55:36,16,16/12/2025 14:13:48,4,4,0,,01/01/1900 00:00:00,1561293,FRNZ-00243,FRNZ-00243,2,,p117 m2,0,,,FRNZ-00243,DCIPRIAN,16,PLEGADORA 3 B MB8,18,3.20,Ch 1/8" Corte laser y plegado - Frente guillotina 550,64837,13,0,4,30/12/2025 08:54:18:13,DCIPRIAN,,222,219.5,1.2185791872,,,1,2,1,18.218
1,1260578,1561294,1,16/12/2025 14:13:49,16,16/12/2025 14:32:01,4,4,0,,01/01/1900 00:00:00,1561294,FRNZ-00236,FRNZ-00236,2,,p117 m2,0,,,FRNZ-00236,DCIPRIAN,16,PLEGADORA 3 B MB8,19,3.20,Ch 1/8" Corte laser y plegado - Lateral guillotina,64837,12,0,4,30/12/2025 07:38:25:663,DCIPRIAN,,550,138,1.87999931904,,,1,2,1,18.218
1,1260579,1561295,1,16/12/2025 14:32:02,16,16/12/2025 14:48:56,2,2,0,,01/01/1900 00:00:00,1561295,FRNZ-00244,FRNZ-00244,2,,p117 m2,0,,,FRNZ-00244,DCIPRIAN,16,PLEGADORA 3 B MB8,16,3.20,Ch 1/8" Corte laser y plegado - Fondo guillotina 550,64837,14,0,2,30/12/2025 07:48:28:403,DCIPRIAN,,550,244,2.65395754752,,,1,2,1,16.908
1,1260580,1561296,1,16/12/2025 14:48:57,16,16/12/2025 15:07:09,4,4,0,,01/01/1900 00:00:00,1561296,FRNZ-00249,FRNZ-00249,2,,p117 m2,0,,,FRNZ-00249,DCIPRIAN,16,PLEGADORA 3 B MB8,19,3.20,Ch 1/8" Corte laser y plegado - Frente guillotina 600,64838,12,0,4,30/12/2025 09:05:59:437,DCIPRIAN,,322,219.5,1.76738375424,,,1,2,1,18.218
1,1260581,1561297,1,16/12/2025 15:07:10,16,16/12/2025 15:24:04,2,2,0,,01/01/1900 00:00:00,1561297,FRNZ-00250,FRNZ-00250,2,,p117 m2,0,,,FRNZ-00250,DCIPRIAN,16,PLEGADORA 3 B MB8,17,3.20,Ch 1/8" Corte laser y plegado - Fondo guillotina 600,64838,13,0,2,30/12/2025 07:56:09:35,DCIPRIAN,,550,344,3.65306843136,,,1,2,1,16.908
1,1260582,1561298,1,16/12/2025 15:24:05,16,16/12/2025 15:42:17,4,4,0,,01/01/1900 00:00:00,1561298,FRNZ-00236,FRNZ-00236,2,,p117 m2,0,,,FRNZ-00236,DCIPRIAN,16,PLEGADORA 3 B MB8,18,3.20,Ch 1/8" Corte laser y plegado - Lateral guillotina,64838,11,0,4,30/12/2025 07:38:25:667,DCIPRIAN,,550,138,1.87999931904,,,1,2,1,18.218
1,1260583,1561299,1,16/12/2025 15:42:18,16,16/12/2025 16:00:30,4,4,0,,01/01/1900 00:00:00,1561299,FRNZ-00256,FRNZ-00256,2,,p117 m2,0,,,FRNZ-00256,DCIPRIAN,16,PLEGADORA 3 B MB8,18,3.20,Ch 1/8" Corte laser y plegado - Frente guillotina 700,64839,12,0,4,30/12/2025 08:30:18:733,DCIPRIAN,,422,219.5,2.31942161088,,,1,2,1,18.218
1,1260584,1561300,1,16/12/2025 16:00:31,16,16/12/2025 16:17:25,2,2,0,,01/01/1900 00:00:00,1561300,FRNZ-00257,FRNZ-00257,2,,p117 m2,0,,,FRNZ-00257,DCIPRIAN,16,PLEGADORA 3 B MB8,17,3.20,Ch 1/8" Corte laser y plegado - Fondo guillotina 700,64839,13,0,2,30/12/2025 08:00:14:653,DCIPRIAN,,550,444,4.65914843136,,,1,2,1,16.908
1,1260585,1561301,1,16/12/2025 16:17:26,16,16/12/2025 16:35:38,4,4,0,,01/01/1900 00:00:00,1561301,FRNZ-00236,FRNZ-00236,2,,p117 m2,0,,,FRNZ-00236,DCIPRIAN,16,PLEGADORA 3 B MB8,18,3.20,Ch 1/8" Corte laser y plegado - Lateral guillotina,64839,11,0,4,30/12/2025 07:38:25:667,DCIPRIAN,,550,138,1.87999931904,,,1,2,1,18.218
1,1260586,1561302,1,16/12/2025 16:35:39,16,16/12/2025 16:53:51,4,4,0,,01/01/1900 00:00:00,1561302,FRNZ-00273,FRNZ-00273,2,,p117 m2,0,,,FRNZ-00273,DCIPRIAN,16,PLEGADORA 3 B MB8,18,3.20,Ch 1/8" Corte laser y plegado - Frente guillotina 1500,64840,12,0,4,30/12/2025 08:22:24:933,DCIPRIAN,,772,219.5,4.2418546176,,,1,2,1,18.218
1,1260587,1561303,1,16/12/2025 16:53:52,16,16/12/2025 17:10:46,2,2,0,,01/01/1900 00:00:00,1561303,FRNZ-00274,FRNZ-00274,2,,p117 m2,0,,,FRNZ-00274,DCIPRIAN,16,PLEGADORA 3 B MB8,17,3.20,Ch 1/8" Corte laser y plegado - Fondo guillotina 1500,64840,13,0,2,30/12/2025 08:39:05:417,DCIPRIAN,,794,550,8.25384108288,,,1,2,1,16.908
1,1260588,1561304,1,16/12/2025 17:10:47,16,16/12/2025 17:28:59,4,4,0,,01/01/1900 00:00:00,1561304,FRNZ-00236,FRNZ-00236,2,,p117 m2,0,,,FRNZ-00236,DCIPRIAN,16,PLEGADORA 3 B MB8,18,3.20,Ch 1/8" Corte laser y plegado - Lateral guillotina,64840,11,0,4,30/12/2025 07:38:25:67,DCIPRIAN,,550,138,1.87999931904,,,1,2,1,18.218
1,1260609,1561331,1,16/12/2025 20:48:15,16,16/12/2025 21:05:10,4,4,0,,01/01/1900 00:00:00,1561331,FRNZ-00221,FRNZ-00221,2,,P05 M3,0,,,TF700-01,DCIPRIAN,16,PLEGADORA 3 B MB8,17,4.75,Ch 3/16" Corte laser y plegado - TF700-01,64843,2,0,4,30/12/2025 14:47:30:183,DCIPRIAN,,611,470,10.64845908975,,,1,1,1,16.908
1,1260615,1561337,1,16/12/2025 22:29:51,16,16/12/2025 22:46:46,4,4,0,,01/01/1900 00:00:00,1561337,FRNZ-00297,FRNZ-00297,2,,p05 m3,0,,,FRNZ-00297,DCIPRIAN,16,PLEGADORA 3 B MB8,17,4.75,Ch 3/16" Corte laser y plegado - Tapa lateral sup TF500/550,64836,19,0,4,30/12/2025 11:15:27:77,DCIPRIAN,,550,197,3.827405626695,,,1,1,1,16.908
1,1260616,1561338,1,16/12/2025 22:46:47,16,16/12/2025 23:03:42,4,4,0,,01/01/1900 00:00:00,1561338,FRNZ-00160,FRNZ-00160,2,,p05 m3,0,,,,DCIPRIAN,16,PLEGADORA 3 B MB8,17,4.75,Ch 3/16" Corte laser y plegado - Tapa lateral inf TF500/550,64836,11,0,4,30/12/2025 11:07:15:08,DCIPRIAN,,550,197,3.808962136695,,,1,1,1,16.908
1,1260617,1561339,1,16/12/2025 23:03:43,16,16/12/2025 23:31:02,4,4,0,,01/01/1900 00:00:00,1561339,FRNZ-00025,FRNZ-00025,2,,p05 m3,0,,,TF500-30,DCIPRIAN,16,PLEGADORA 3 B MB8,28,4.75,Ch 3/16" Corte laser y plegado - TF500-30,64836,8,0,4,30/12/2025 11:41:34:483,DCIPRIAN,,395,225,3.0210683031,,,1,4,2,27.336
1,1260618,1561340,1,16/12/2025 23:31:03,16,16/12/2025 23:47:57,2,2,0,,01/01/1900 00:00:00,1561340,FRNZ-00003,FRNZ-00003,2,,p05 m3,0,,,TF500-02,DCIPRIAN,16,PLEGADORA 3 B MB8,16,4.75,Ch 3/16" Corte laser y plegado - TF500-02,64836,1,0,2,30/12/2025 13:53:18:773,DCIPRIAN,,242,118,0.9628457556,,,1,2,1,16.908
1,1260619,1561342,1,16/12/2025 23:47:58,16,17/12/2025 05:35:53,4,4,0,,01/01/1900 00:00:00,1561342,FRNZ-00297,FRNZ-00297,2,,p05 m3,0,,,FRNZ-00297,DCIPRIAN,16,PLEGADORA 3 B MB8,348,4.75,Ch 3/16" Corte laser y plegado - Tapa lateral sup TF500/550,64837,19,0,4,30/12/2025 11:15:27:77,DCIPRIAN,,550,197,3.827405626695,,,1,1,1,16.908
1,1260620,1561343,1,17/12/2025 05:35:54,16,17/12/2025 05:52:49,4,4,0,,01/01/1900 00:00:00,1561343,FRNZ-00160,FRNZ-00160,2,,p05 m3,0,,,,DCIPRIAN,16,PLEGADORA 3 B MB8,17,4.75,Ch 3/16" Corte laser y plegado - Tapa lateral inf TF500/550,64837,7,0,4,30/12/2025 11:07:15:08,DCIPRIAN,,550,197,3.808962136695,,,1,1,1,16.908
1,1260621,1561345,1,17/12/2025 05:52:50,16,17/12/2025 06:13:40,4,4,0,,01/01/1900 00:00:00,1561345,FRNZ-00217,FRNZ-00217,2,,p05 m3,0,,,TF550-30,DCIPRIAN,16,PLEGADORA 3 B MB8,21,4.75,Ch 3/16" Corte laser y plegado - TF550-30,64837,11,0,4,30/12/2025 11:55:22:95,DCIPRIAN,,395,276,3.7734589038,,,1,4,1,20.839
1,1260622,1561346,1,17/12/2025 06:13:41,16,17/12/2025 06:30:35,2,2,0,,01/01/1900 00:00:00,1561346,FRNZ-00207,FRNZ-00207,2,,p05 m3,0,,,TF550-02,DCIPRIAN,16,PLEGADORA 3 B MB8,17,4.75,Ch 3/16" Corte laser y plegado - TF550-02,64837,8,0,2,30/12/2025 13:56:59:233,DCIPRIAN,,292,118,1.1831222556,,,1,2,1,16.908
1,1260623,1561348,1,17/12/2025 06:30:36,16,17/12/2025 06:47:31,4,4,0,,01/01/1900 00:00:00,1561348,FRNZ-00298,FRNZ-00298,2,,p05 m3,0,,,FRNZ-00298,DCIPRIAN,16,PLEGADORA 3 B MB8,17,4.75,Ch 3/16" Corte laser y plegado - Tapa lateral inf TF600/700,64838,18,0,4,30/12/2025 11:24:59:727,DCIPRIAN,,550,197,3.804033916695,,,1,1,1,16.908
1,1260624,1561349,1,17/12/2025 06:47:32,16,17/12/2025 07:04:27,4,4,0,,01/01/1900 00:00:00,1561349,FRNZ-00299,FRNZ-00299,2,,p05 m3,0,,,FRNZ-00299,DCIPRIAN,16,PLEGADORA 3 B MB8,17,4.75,Ch 3/16" Corte laser y plegado - Tapa lateral sup TF600/700,64838,19,0,4,30/12/2025 10:40:37:003,DCIPRIAN,,550,197,3.824941516695,,,1,1,1,16.908
1,1260625,1561350,1,17/12/2025 07:04:28,16,17/12/2025 07:25:18,4,4,0,,01/01/1900 00:00:00,1561350,FRNZ-00053,FRNZ-00053,2,,p05 m3,0,,,TF600-29,DCIPRIAN,16,PLEGADORA 3 B MB8,21,4.75,Ch 3/16" Corte laser y plegado - TF600-29,64838,8,0,4,30/12/2025 12:52:12:98,DCIPRIAN,,396,376,5.24287004625,,,1,4,1,20.839
1,1260626,1561351,1,17/12/2025 07:25:19,16,17/12/2025 07:42:13,2,2,0,,01/01/1900 00:00:00,1561351,FRNZ-00030,FRNZ-00030,2,,p05 m3,0,,,TF600-02,DCIPRIAN,16,PLEGADORA 3 B MB8,17,4.75,Ch 3/16" Corte laser y plegado - TF600-02,64838,1,0,2,30/12/2025 13:37:52:217,DCIPRIAN,,420,118,1.7470300956,,,1,2,1,16.908
1,1260627,1561352,1,17/12/2025 07:42:14,16,17/12/2025 07:59:09,4,4,0,,01/01/1900 00:00:00,1561352,FRNZ-00298,FRNZ-00298,2,,p05 m3,0,,,FRNZ-00298,DCIPRIAN,16,PLEGADORA 3 B MB8,17,4.75,Ch 3/16" Corte laser y plegado - Tapa lateral inf TF600/700,64839,18,0,4,30/12/2025 11:24:59:73,DCIPRIAN,,550,197,3.804033916695,,,1,1,1,16.908
1,1260628,1561353,1,17/12/2025 07:59:10,16,17/12/2025 08:16:05,4,4,0,,01/01/1900 00:00:00,1561353,FRNZ-00299,FRNZ-00299,2,,p05 m3,0,,,FRNZ-00299,DCIPRIAN,16,PLEGADORA 3 B MB8,17,4.75,Ch 3/16" Corte laser y plegado - Tapa lateral sup TF600/700,64839,19,0,4,30/12/2025 10:40:37:003,DCIPRIAN,,550,197,3.824941516695,,,1,1,1,16.908
1,1260629,1561354,1,17/12/2025 08:16:06,16,17/12/2025 08:36:56,4,4,0,,01/01/1900 00:00:00,1561354,FRNZ-00232,FRNZ-00232,2,,p05 m3,0,,,TF700-29,DCIPRIAN,16,PLEGADORA 3 B MB8,20,4.75,Ch 3/16" Corte laser y plegado - TF700-29,64839,10,0,4,30/12/2025 13:27:58:433,DCIPRIAN,,476,395,6.7181457705,,,1,4,1,20.839
1,1260630,1561355,1,17/12/2025 08:36:57,16,17/12/2025 08:53:51,2,2,0,,01/01/1900 00:00:00,1561355,FRNZ-00222,FRNZ-00222,2,,p05 m3,0,,,TF700-02,DCIPRIAN,16,PLEGADORA 3 B MB8,17,4.75,Ch 3/16" Corte laser y plegado - TF700-02,64839,7,0,2,30/12/2025 13:44:14:18,DCIPRIAN,,520,118,2.1875830956,,,1,2,1,16.908
1,1260631,1561356,1,17/12/2025 08:53:52,16,17/12/2025 09:10:47,4,4,0,,01/01/1900 00:00:00,1561356,FRNZ-00300,FRNZ-00300,2,,p05 m3,0,,,FRNZ-00300,DCIPRIAN,16,PLEGADORA 3 B MB8,17,4.75,Ch 3/16" C. laser y pleg- Tapa lat inf TF800/1000/1500/2000,64840,18,0,4,30/12/2025 10:47:00:25,DCIPRIAN,,550,197,3.804033916695,,,1,1,1,16.908
1,1260632,1561357,1,17/12/2025 09:10:48,16,17/12/2025 09:27:43,4,4,0,,01/01/1900 00:00:00,1561357,FRNZ-00301,FRNZ-00301,2,,p05 m3,0,,,FRNZ-00301,DCIPRIAN,16,PLEGADORA 3 B MB8,17,4.75,Ch 3/16" C. laser y pleg- Tapa lat sup TF800/1000/1500/2000,64840,19,0,4,30/12/2025 10:28:05:787,DCIPRIAN,,550,197,3.824941516695,,,1,1,1,16.908
1,1260633,1561358,1,17/12/2025 09:27:44,16,17/12/2025 09:44:38,2,2,0,,01/01/1900 00:00:00,1561358,FRNZ-00095,FRNZ-00095,2,,p05 m3,0,,,TF1500-02,DCIPRIAN,16,PLEGADORA 3 B MB8,17,4.75,Ch 3/16" Corte laser y plegado - TF1500-02,64840,3,0,2,30/12/2025 14:14:34:227,DCIPRIAN,,870,112,3.5346298956,,,1,2,1,16.908
1,1260634,1561359,1,17/12/2025 09:44:39,16,17/12/2025 10:05:29,4,4,0,,01/01/1900 00:00:00,1561359,FRNZ-00094,FRNZ-00094,2,,p05 m3,0,,,TF1500-04,DCIPRIAN,16,PLEGADORA 3 B MB8,21,4.75,Ch 3/16" Corte laser y plegado - TF1500-04,64840,2,0,4,30/12/2025 13:21:06:53,DCIPRIAN,,826.9,396,11.85224328105,,,1,4,1,20.839
1,1261122,1561858,2,17/12/2025 09:49:06,42,17/12/2025 10:06:20,1,1,0,,01/01/1900 00:00:00,1561858,AMET-00460,AMET-00459,2,,mv25 p117,0,,,AMET-00459,MENDOZA,42,PLEGADORA 7 I PHE 600 T,17,3.20,Ch. 1/8" Corte laser y plegado - Cuerpo completo 068709,64857,1,0,1,30/12/2025 13:16:31:867,MENDOZA,,1316.6,895,28.192356203904,,,1,5,1,17.235
1,1261123,1561859,1,17/12/2025 10:21:47,16,17/12/2025 10:38:02,1,1,0,,01/01/1900 00:00:00,1561859,BOUN-00344,BOUN-00344,2,,p02 m3,0,,,BOUN-00344,DCIPRIAN,16,PLEGADORA 3 B MB8,17,4.75,CH 3/16" -Corte laser y plegado- U de agarre,64856,16,0,1,30/12/2025 05:30:38:06,DCIPRIAN,,131.847,150,0.684213216936,,,1,2,1,16.253
1,1261137,1561873,2,17/12/2025 10:55:26,40,17/12/2025 11:20:56,15,15,0,,01/01/1900 00:00:00,1561873,PIER-02839,PIER-02839,2,,p6m13,0,,,HIL0260090,HMONJE,40,PLEGADORA 4 I PHE 200 T,25,7.93,Ch 5/16" Corte laser y plegado - HIL0260090,64865,11,0,15,30/12/2025 23:14:54:047,HMONJE,,483,242,2.219930677224,,,1,2,1,25.425
1,1261138,1561874,2,17/12/2025 11:20:57,40,17/12/2025 11:46:27,15,15,0,,01/01/1900 00:00:00,1561874,PIER-02842,PIER-02842,2,,p6m13,0,,,HIL0260091,HMONJE,40,PLEGADORA 4 I PHE 200 T,26,7.93,Ch 5/16" Corte laser y plegado - HIL0260091,64865,12,0,15,30/12/2025 23:48:44:797,HMONJE,,483,242,2.219930677224,,,1,2,1,25.425
1,1261139,1561875,2,17/12/2025 11:46:28,40,17/12/2025 12:11:58,15,15,0,,01/01/1900 00:00:00,1561875,PIER-02842,PIER-02842,2,,p6m13,0,,,HIL0260091,HMONJE,40,PLEGADORA 4 I PHE 200 T,25,7.93,Ch 5/16" Corte laser y plegado - HIL0260091,64864,12,0,15,30/12/2025 23:48:44:8,HMONJE,,483,242,2.219930677224,,,1,2,1,25.425
1,1261140,1561876,2,17/12/2025 12:11:59,40,17/12/2025 12:37:29,15,15,0,,01/01/1900 00:00:00,1561876,PIER-02839,PIER-02839,2,,p6m13,0,,,HIL0260090,HMONJE,40,PLEGADORA 4 I PHE 200 T,26,7.93,Ch 5/16" Corte laser y plegado - HIL0260090,64864,11,0,15,30/12/2025 23:14:54:05,HMONJE,,483,242,2.219930677224,,,1,2,1,25.425
1,1261495,1562231,2,18/12/2025 10:31:08,17,18/12/2025 11:41:49,12,12,0,,01/01/1900 00:00:00,1562231,SYRA-00519,SYRA-00518,2,,p14 m48,0,,,20212646_000,MSANONI,17,PLEGADORA 1 I PHE 300 T,70,2.00,Ch 2mm AISI 304 Corte Laser y Pleg - 20212646_000,64886,1,0,12,30/12/2025 00:43:53:773,MSANONI,,2580,319,11.5251389318,,,2,14,1,70.634
1,1261508,1562244,2,18/12/2025 17:27:34,41,18/12/2025 17:44:28,2,2,0,,01/01/1900 00:00:00,1562244,VARI-19753,VARI-19753,2,,p117 m1,0,,,,EROMAGNO,41,PLEGADORA 6 I PHE 35 T,17,2.51,Ch Nº12 Corte laser y plegado - Escuadra Oberto,64885,1,0,2,30/12/2025 21:51:15:933,EROMAGNO,,287,335,1.4343715522482,,,1,2,1,16.908
1,1262022,1562801,2,19/12/2025 13:48:18,41,19/12/2025 14:23:42,30,30,0,,01/01/1900 00:00:00,1562801,CYSA-00207,CYSA-00207,2,,p117 m1,0,,,123628,EROMAGNO,41,PLEGADORA 6 I PHE 35 T,35,1.60,Ch N°16 Corte laser y plegado - 123628,64802,226,0,30,30/12/2025 23:41:51:9,EROMAGNO,,546,51,0.2944223952,,,1,2,1,35.253
1,1262024,1562803,2,19/12/2025 15:09:27,41,19/12/2025 15:26:42,5,5,0,,01/01/1900 00:00:00,1562803,CYSA-00126,CYSA-00126,2,,p117 m1,0,,,127629E,EROMAGNO,41,PLEGADORA 6 I PHE 35 T,17,1.60,Ch N°16 Corte laser y plegado - 127629E,64802,136,0,5,30/12/2025 20:47:44:917,EROMAGNO,,455.5,134.6,0.60255112128,,,1,1,1,17.235
1,1262025,1562804,2,19/12/2025 15:26:43,41,19/12/2025 15:45:34,5,5,0,,01/01/1900 00:00:00,1562804,CYSA-00320,CYSA-00320,2,,p117 m1,0,,,123946,EROMAGNO,41,PLEGADORA 6 I PHE 35 T,19,1.60,Ch. N°16 Corte laser y plegado - 123946,64802,45,0,5,30/12/2025 20:32:46:057,EROMAGNO,,282.5,267,0.9323578883328,,,1,2,1,18.873
1,1262027,1562806,2,19/12/2025 16:02:30,41,19/12/2025 16:21:21,5,5,0,,01/01/1900 00:00:00,1562806,CYSA-00123,CYSA-00123,2,,p117 m1,0,,,127629B,EROMAGNO,41,PLEGADORA 6 I PHE 35 T,19,1.60,Ch N°16 Corte laser y plegado - 127629B,64802,173,0,5,30/12/2025 23:10:56:26,EROMAGNO,,644,154,1.24096723392,,,1,2,1,18.873
1,1262058,1562837,2,19/12/2025 16:38:17,41,19/12/2025 17:01:48,24,24,0,,01/01/1900 00:00:00,1562837,INVE-01255,INVE-01255,2,,p117 m1,0,,,PFN-0221,EROMAGNO,41,PLEGADORA 6 I PHE 35 T,23,2.00,Ch 2mm AISI 304 Corte Laser y Plegado - PFN-0221,64897,1,0,24,30/12/2025 21:44:20:853,EROMAGNO,,500,325,2.5736581858,,,1,1,1,23.460
1,1262060,1562839,2,19/12/2025 17:01:49,41,19/12/2025 17:29:11,18,18,0,,01/01/1900 00:00:00,1562839,CAIM-02872,CAIM-02872,2,,p117 m1,0,,,100590 A,EROMAGNO,41,PLEGADORA 6 I PHE 35 T,28,2.00,Ch 2 INOX 304 Corte laser y plegado - 100590 A,64891,27,0,18,30/12/2025 22:53:40:463,EROMAGNO,,183,100,0.2869215154,,,1,2,1,27.391
1,1262062,1562841,2,19/12/2025 17:29:12,41,19/12/2025 17:56:34,18,18,0,,01/01/1900 00:00:00,1562841,CAIM-02873,CAIM-02873,2,,p117 m1,0,,,100592 A,EROMAGNO,41,PLEGADORA 6 I PHE 35 T,27,2.00,Ch 2 INOX 304 Corte laser y plegado - 100592 A,64891,28,0,18,30/12/2025 23:02:27:183,EROMAGNO,,190,100,0.290895397,,,1,2,1,27.391
1,1262501,1563280,2,19/12/2025 17:50:36,40,19/12/2025 18:16:06,15,15,0,,01/01/1900 00:00:00,1563280,CAIM-02086,CAIM-02086,2,,m4 p6,0,,,PPA-4894,MENDOZA,40,PLEGADORA 4 I PHE 200 T,26,6.35,Ch 1/4 Corte Laser y Plegado - PPA-4894 - 25610_B,64891,19,0,15,30/12/2025 06:07:14:403,MENDOZA,,790,295,6.31721780115,,,1,2,1,25.425
1,1262502,1563281,2,19/12/2025 18:16:07,40,19/12/2025 18:39:38,24,24,0,,01/01/1900 00:00:00,1563281,CAIM-02954,CAIM-02954,2,,m4 p6,0,,,101397_B,MENDOZA,40,PLEGADORA 4 I PHE 200 T,23,6.35,Ch 1/4" Corte laser y plegado - 101397_B,64891,9,0,24,30/12/2025 05:20:59:337,MENDOZA,,139,95,0.39751266573,,0,1,1,1,23.460
1,1262503,1563282,2,19/12/2025 18:39:39,40,19/12/2025 19:33:10,24,24,0,,01/01/1900 00:00:00,1563282,CAIM-02925,CAIM-02925,2,,m4 p02,0,,,24759_B,MENDOZA,40,PLEGADORA 4 I PHE 200 T,54,6.35,Ch 1/4 Corte Laser y Plegado - PPA-4873 - 24759_B,64891,25,0,24,30/12/2025 14:50:57:74,MENDOZA,,369.75,255.58,2.55500198676,,,1,4,2,53.544
1,1262509,1563288,2,19/12/2025 20:22:14,40,19/12/2025 20:45:45,24,24,0,,01/01/1900 00:00:00,1563288,CAIM-02400,CAIM-02400,2,,p6m4,0,,,22595_C,HMONJE,40,PLEGADORA 4 I PHE 200 T,23,6.35,Ch 1/4" Corte Laser y Plegado - PPA-3594 - 22595_C,64891,8,0,24,30/12/2025 00:27:20:327,HMONJE,,125,95,0.33159071604,,,1,1,1,23.460
1,1264569,1565388,2,26/12/2025 11:24:56,40,26/12/2025 12:19:50,30,30,0,,01/01/1900 00:00:00,1565388,CAIM-01565,CAIM-01565,2,,p6m4,0,,,2648_C,HMONJE,40,PLEGADORA 4 I PHE 200 T,55,6.35,Ch 1/4" Corte plasma y plegado - PPA-109 - 2648_C,64970,9,0,30,30/12/2025 21:51:57:413,HMONJE,,1013,92,4.49068882023,,,1,4,1,54.909
1,1264719,1565541,2,29/12/2025 12:52:15,40,29/12/2025 13:10:29,8,8,0,,01/01/1900 00:00:00,1565541,ARSE-06954,ARSE-00852,2,,p6m4,0,,,ARSE-00852-1,HMONJE,40,PLEGADORA 4 I PHE 200 T,18,6.35,Ch 1/4" Corte plasma y plegado - Refuerzo puntera Der Skid,64936,1,0,8,30/12/2025 20:19:25:47,HMONJE,,452,338,6.37824098619,,,1,1,1,18.218
1,1264729,1565551,2,29/12/2025 13:10:30,40,29/12/2025 13:28:44,8,8,0,,01/01/1900 00:00:00,1565551,ARSE-06954,ARSE-00912,2,,p6m4,0,,,ARSE-00912-1,HMONJE,40,PLEGADORA 4 I PHE 200 T,18,6.35,Ch 1/4" Corte plasma y plegado - Refuerzo puntera Izq Skid,64936,1,0,8,30/12/2025 20:20:28:973,HMONJE,,452,338,6.37824098619,,,1,1,1,18.218
1,1264936,1565766,2,30/12/2025 23:05:35,40,30/12/2025 23:22:29,2,2,0,,01/01/1900 00:00:00,1565766,INVE-01466,INVE-01466,2,,m30 p6,0,,,PBK-0004,MENDOZA,40,PLEGADORA 4 I PHE 200 T,17,12.70,Ch 1/2"- Corte Laser y plegado - PBK-0004,64992,1,0,2,30/12/2025 08:32:29:87,MENDOZA,,322.67,154.7,3.45994631352,,,1,2,1,16.908
1,1266436,1567279,2,02/01/2026 21:25:36,40,02/01/2026 21:41:31,1,1,0,,01/01/1900 00:00:00,1567279,VARI-19805,VARI-19805,2,,m13 p6,0,,,VARI-19805,MENDOZA,40,PLEGADORA 4 I PHE 200 T,16,7.93,Ch 5/16" Corte plasma y plegado - Gatti Andres,65024,1,0,1,30/12/2025 09:02:37:793,MENDOZA,,1522,1200,111.878385844368,,,2,1,1,15.925
1,1266485,1567328,2,02/01/2026 21:41:32,40,02/01/2026 21:58:27,4,4,0,,01/01/1900 00:00:00,1567328,VARI-19732,VARI-19732,2,,,0,,,,RUIZDIAZ,40,PLEGADORA 4 I PHE 200 T,17,1.60,Tubo CC Ø31.75 x 1.6 L. 660 C/R - Rotolaser - Caño mesa,64921,3,0,4,30/12/2025 11:00:06:047,RUIZDIAZ,,660,,0.78276,,,1,1,1,16.908
